amax = 1, vmax = 2.99653815593038, x_actual = 200, x_total = 200.101820194572, Jerk_initial = 1 Ramp Time = 4.21629715378306 
0,0.000886140046296296,0 
0.0416666666666667,0.00358072916666667,0.0425347222222222 
0.0833333333333333,0.00815610532407407,0.0868055555555556 
0.125,0.0146846064814815,0.1328125 
0.166666666666667,0.0232385706018519,0.180555555555556 
0.208333333333333,0.0338903356481481,0.230034722222222 
0.25,0.0467122395833333,0.28125 
0.291666666666667,0.0617766203703704,0.334201388888889 
0.333333333333333,0.0791558159722222,0.388888888888889 
0.375,0.0989221643518518,0.4453125 
0.416666666666667,0.121148003472222,0.503472222222222 
0.458333333333333,0.145905671296296,0.563368055555556 
0.5,0.173267505787037,0.625 
0.541666666666667,0.203305844907407,0.688368055555555 
0.583333333333333,0.23609302662037,0.753472222222222 
0.625,0.271701388888889,0.8203125 
0.666666666666667,0.310203269675926,0.888888888888889 
0.708333333333333,0.350995924693961,0.959201388888889 
0.731930557574898,0.394117922135333,0.998846051976792 
0.773597224241565,0.440246743461384,1.07100982520908 
0.815263890908231,0.489382388672114,1.14317359844137 
0.856930557574898,0.541524857767522,1.21533737167365 
0.898597224241565,0.596674150747609,1.28750114490594 
0.940263890908231,0.654830267612374,1.35966491813823 
0.981930557574898,0.715993208361819,1.43182869137052 
1.02359722424156,0.780162972995941,1.5039924646028 
1.06526389090823,0.847339561514743,1.57615623783509 
1.1069305575749,0.917522973918223,1.64832001106738 
1.14859722424156,0.990713210206382,1.72048378429967 
1.19026389090823,1.06691027037922,1.79264755753195 
1.2319305575749,1.14611415443674,1.86481133076424 
1.27359722424156,1.2280863879357,1.93697510399653 
1.30920065871035,1.31279564979397,1.99769210395358 
1.35086732537702,1.40038645120839,2.06835246524353 
1.39253399204369,1.49073350785044,2.1360060026488 
1.43420065871035,1.58371153539158,2.20065271616939 
1.47586732537702,1.67919524950328,2.26229260580531 
1.51753399204369,1.77705936585703,2.32092567155654 
1.55920065871035,1.87717860012428,2.37655191342309 
1.60086732537702,1.97942766797651,2.42917133140497 
1.64253399204369,2.08368128508519,2.47878392550217 
1.68420065871036,2.1898141671218,2.52538969571469 
1.72586732537702,2.29770102975781,2.56898864204253 
1.76753399204369,2.40721658866468,2.60958076448569 
1.80920065871036,2.51823555951389,2.64716606304417 
1.85086732537702,2.63063265797691,2.68174453771798 
1.89253399204369,2.74428259972522,2.7133161885071 
1.93420065871036,2.85906010043028,2.74188101541155 
1.97586732537702,2.97483987576356,2.76743901843132 
2.01753399204369,3.09149664139655,2.78999019756641 
2.05920065871036,3.2089051130007,2.80953455281682 
2.10086732537702,3.3269400062475,2.82607208418255 
2.14253399204369,3.44525678923348,2.8396027916636 
2.1751659374978,3.56357357221946,2.8396027916636 
2.21683260416447,3.68189035520545,2.8396027916636 
2.25849927083114,3.80020713819143,2.8396027916636 
2.3001659374978,3.91852392117741,2.8396027916636 
2.34183260416447,4.0368407041634,2.8396027916636 
2.38349927083114,4.15515748714938,2.8396027916636 
2.4251659374978,4.27347427013537,2.8396027916636 
2.46683260416447,4.39179105312135,2.8396027916636 
2.50849927083114,4.51010783610733,2.8396027916636 
2.5501659374978,4.62842461909332,2.8396027916636 
2.59183260416447,4.7467414020793,2.8396027916636 
2.63349927083114,4.86505818506528,2.8396027916636 
2.6751659374978,4.98337496805127,2.8396027916636 
2.71683260416447,5.10169175103725,2.8396027916636 
2.75849927083113,5.22000853402323,2.8396027916636 
2.8001659374978,5.33832531700922,2.8396027916636 
2.84183260416447,5.4566420999952,2.8396027916636 
2.88349927083113,5.57495888298119,2.8396027916636 
2.9251659374978,5.69327566596717,2.8396027916636 
2.96683260416447,5.81159244895315,2.8396027916636 
3.00849927083113,5.92990923193914,2.8396027916636 
3.0501659374978,6.04822601492512,2.8396027916636 
3.09183260416447,6.1665427979111,2.8396027916636 
3.13349927083113,6.28485958089709,2.8396027916636 
3.1751659374978,6.40317636388307,2.8396027916636 
3.21683260416447,6.52149314686906,2.8396027916636 
3.25849927083113,6.63980992985504,2.8396027916636 
3.3001659374978,6.75812671284102,2.8396027916636 
3.34183260416447,6.87644349582701,2.8396027916636 
3.38349927083113,6.99476027881299,2.8396027916636 
3.4251659374978,7.11307706179897,2.8396027916636 
3.46683260416447,7.23139384478496,2.8396027916636 
3.50849927083113,7.34971062777094,2.8396027916636 
3.5501659374978,7.46802741075692,2.8396027916636 
3.59183260416447,7.58634419374291,2.8396027916636 
3.63349927083113,7.70466097672889,2.8396027916636 
3.6751659374978,7.82297775971488,2.8396027916636 
3.71683260416446,7.94129454270086,2.8396027916636 
3.75849927083113,8.05961132568684,2.8396027916636 
3.8001659374978,8.17792810867283,2.8396027916636 
3.84183260416446,8.29624489165881,2.8396027916636 
3.88349927083113,8.41456167464479,2.8396027916636 
3.9251659374978,8.53287845763078,2.8396027916636 
3.96683260416446,8.65119524061676,2.8396027916636 
4.00849927083113,8.76951202360275,2.8396027916636 
4.0501659374978,8.88782880658873,2.8396027916636 
4.09183260416446,9.00614558957471,2.8396027916636 
4.13349927083113,9.1244623725607,2.8396027916636 
4.1751659374978,9.24277915554668,2.8396027916636 
4.21683260416447,9.36109593853266,2.8396027916636 
4.25849927083113,9.47941272151865,2.8396027916636 
4.3001659374978,9.59772950450463,2.8396027916636 
4.34183260416447,9.71604628749061,2.8396027916636 
4.38349927083113,9.8343630704766,2.8396027916636 
4.4251659374978,9.95267985346258,2.8396027916636 
4.46683260416447,10.0709966364486,2.8396027916636 
4.50849927083113,10.1893134194345,2.8396027916636 
4.5501659374978,10.3076302024205,2.8396027916636 
4.59183260416447,10.4259469854065,2.8396027916636 
4.63349927083113,10.5442637683925,2.8396027916636 
4.6751659374978,10.6625805513785,2.8396027916636 
4.71683260416447,10.7808973343645,2.8396027916636 
4.75849927083114,10.8992141173505,2.8396027916636 
4.8001659374978,11.0175309003364,2.8396027916636 
4.84183260416447,11.1358476833224,2.8396027916636 
4.88349927083114,11.2541644663084,2.8396027916636 
4.9251659374978,11.3724812492944,2.8396027916636 
4.96683260416447,11.4907980322804,2.8396027916636 
5.00849927083114,11.6091148152664,2.8396027916636 
5.0501659374978,11.7274315982523,2.8396027916636 
5.09183260416447,11.8457483812383,2.8396027916636 
5.13349927083114,11.9640651642243,2.8396027916636 
5.17516593749781,12.0823819472103,2.8396027916636 
5.21683260416447,12.2006987301963,2.8396027916636 
5.25849927083114,12.3190155131823,2.8396027916636 
5.30016593749781,12.4373322961682,2.8396027916636 
5.34183260416447,12.5556490791542,2.8396027916636 
5.38349927083114,12.6739658621402,2.8396027916636 
5.42516593749781,12.7922826451262,2.8396027916636 
5.46683260416447,12.9105994281122,2.8396027916636 
5.50849927083114,13.0289162110982,2.8396027916636 
5.55016593749781,13.1472329940841,2.8396027916636 
5.59183260416448,13.2655497770701,2.8396027916636 
5.63349927083114,13.3838665600561,2.8396027916636 
5.67516593749781,13.5021833430421,2.8396027916636 
5.71683260416448,13.6205001260281,2.8396027916636 
5.75849927083114,13.7388169090141,2.8396027916636 
5.80016593749781,13.857133692,2.8396027916636 
5.84183260416448,13.975450474986,2.8396027916636 
5.88349927083114,14.093767257972,2.8396027916636 
5.92516593749781,14.212084040958,2.8396027916636 
5.96683260416448,14.330400823944,2.8396027916636 
6.00849927083114,14.44871760693,2.8396027916636 
6.05016593749781,14.5670343899159,2.8396027916636 
6.09183260416448,14.6853511729019,2.8396027916636 
6.13349927083115,14.8036679558879,2.8396027916636 
6.17516593749781,14.9219847388739,2.8396027916636 
6.21683260416448,15.0403015218599,2.8396027916636 
6.25849927083115,15.1586183048459,2.8396027916636 
6.30016593749781,15.2769350878318,2.8396027916636 
6.34183260416448,15.3952518708178,2.8396027916636 
6.38349927083115,15.5135686538038,2.8396027916636 
6.42516593749781,15.6318854367898,2.8396027916636 
6.46683260416448,15.7502022197758,2.8396027916636 
6.50849927083115,15.8685190027618,2.8396027916636 
6.55016593749782,15.9868357857478,2.8396027916636 
6.59183260416448,16.1051525687337,2.8396027916636 
6.63349927083115,16.2234693517197,2.8396027916636 
6.67516593749782,16.3417861347057,2.8396027916636 
6.71683260416448,16.4601029176917,2.8396027916636 
6.75849927083115,16.5784197006777,2.8396027916636 
6.80016593749782,16.6967364836636,2.8396027916636 
6.84183260416448,16.8150532666496,2.8396027916636 
6.88349927083115,16.9333700496356,2.8396027916636 
6.92516593749782,17.0516868326216,2.8396027916636 
6.96683260416448,17.1700036156076,2.8396027916636 
7.00849927083115,17.2883203985936,2.8396027916636 
7.05016593749782,17.4066371815795,2.8396027916636 
7.09183260416449,17.5249539645655,2.8396027916636 
7.13349927083115,17.6432707475515,2.8396027916636 
7.17516593749782,17.7615875305375,2.8396027916636 
7.21683260416449,17.8799043135235,2.8396027916636 
7.25849927083115,17.9982210965094,2.8396027916636 
7.30016593749782,18.1165378794954,2.8396027916636 
7.34183260416449,18.2348546624814,2.8396027916636 
7.38349927083115,18.3531714454674,2.8396027916636 
7.42516593749782,18.4714882284534,2.8396027916636 
7.46683260416449,18.5898050114394,2.8396027916636 
7.50849927083116,18.7081217944253,2.8396027916636 
7.55016593749782,18.8264385774113,2.8396027916636 
7.59183260416449,18.9447553603973,2.8396027916636 
7.63349927083116,19.0630721433833,2.8396027916636 
7.67516593749782,19.1813889263693,2.8396027916636 
7.71683260416449,19.2997057093552,2.8396027916636 
7.75849927083116,19.4180224923412,2.8396027916636 
7.80016593749782,19.5363392753272,2.8396027916636 
7.84183260416449,19.6546560583132,2.8396027916636 
7.88349927083116,19.7729728412992,2.8396027916636 
7.92516593749782,19.8912896242852,2.8396027916636 
7.96683260416449,20.0096064072711,2.8396027916636 
8.00849927083116,20.1279231902571,2.8396027916636 
8.05016593749782,20.2462399732431,2.8396027916636 
8.09183260416449,20.3645567562291,2.8396027916636 
8.13349927083116,20.4828735392151,2.8396027916636 
8.17516593749782,20.601190322201,2.8396027916636 
8.21683260416449,20.719507105187,2.8396027916636 
8.25849927083116,20.837823888173,2.8396027916636 
8.30016593749782,20.956140671159,2.8396027916636 
8.34183260416449,21.074457454145,2.8396027916636 
8.38349927083115,21.192774237131,2.8396027916636 
8.42516593749782,21.3110910201169,2.8396027916636 
8.46683260416449,21.4294078031029,2.8396027916636 
8.50849927083115,21.5477245860889,2.8396027916636 
8.55016593749782,21.6660413690749,2.8396027916636 
8.59183260416448,21.7843581520609,2.8396027916636 
8.63349927083115,21.9026749350468,2.8396027916636 
8.67516593749782,22.0209917180328,2.8396027916636 
8.71683260416448,22.1393085010188,2.8396027916636 
8.75849927083115,22.2576252840048,2.8396027916636 
8.80016593749781,22.3759420669908,2.8396027916636 
8.84183260416448,22.4942588499768,2.8396027916636 
8.88349927083115,22.6125756329627,2.8396027916636 
8.92516593749781,22.7308924159487,2.8396027916636 
8.96683260416448,22.8492091989347,2.8396027916636 
9.00849927083114,22.9675259819207,2.8396027916636 
9.05016593749781,23.0858427649067,2.8396027916636 
9.09183260416448,23.2041595478926,2.8396027916636 
9.13349927083114,23.3224763308786,2.8396027916636 
9.17516593749781,23.4407931138646,2.8396027916636 
9.21683260416448,23.5591098968506,2.8396027916636 
9.25849927083114,23.6774266798366,2.8396027916636 
9.30016593749781,23.7957434628226,2.8396027916636 
9.34183260416447,23.9140602458085,2.8396027916636 
9.38349927083114,24.0323770287945,2.8396027916636 
9.42516593749781,24.1506938117805,2.8396027916636 
9.46683260416447,24.2690105947665,2.8396027916636 
9.50849927083114,24.3873273777525,2.8396027916636 
9.5501659374978,24.5056441607384,2.8396027916636 
9.59183260416447,24.6239609437244,2.8396027916636 
9.63349927083114,24.7422777267104,2.8396027916636 
9.6751659374978,24.8605945096964,2.8396027916636 
9.71683260416447,24.9789112926824,2.8396027916636 
9.75849927083113,25.0972280756684,2.8396027916636 
9.8001659374978,25.2155448586543,2.8396027916636 
9.84183260416447,25.3338616416403,2.8396027916636 
9.88349927083113,25.4521784246263,2.8396027916636 
9.9251659374978,25.5704952076123,2.8396027916636 
9.96683260416446,25.6888119905983,2.8396027916636 
10.0084992708311,25.8071287735843,2.8396027916636 
10.0501659374978,25.9254455565702,2.8396027916636 
10.0918326041645,26.0437623395562,2.8396027916636 
10.1334992708311,26.1620791225422,2.8396027916636 
10.1751659374978,26.2803959055282,2.8396027916636 
10.2168326041645,26.3987126885142,2.8396027916636 
10.2584992708311,26.5170294715001,2.8396027916636 
10.3001659374978,26.6353462544861,2.8396027916636 
10.3418326041645,26.7536630374721,2.8396027916636 
10.3834992708311,26.8719798204581,2.8396027916636 
10.4251659374978,26.9902966034441,2.8396027916636 
10.4668326041645,27.1086133864301,2.8396027916636 
10.5084992708311,27.226930169416,2.8396027916636 
10.5501659374978,27.345246952402,2.8396027916636 
10.5918326041645,27.463563735388,2.8396027916636 
10.6334992708311,27.581880518374,2.8396027916636 
10.6751659374978,27.70019730136,2.8396027916636 
10.7168326041645,27.8185140843459,2.8396027916636 
10.7584992708311,27.9368308673319,2.8396027916636 
10.8001659374978,28.0551476503179,2.8396027916636 
10.8418326041645,28.1734644333039,2.8396027916636 
10.8834992708311,28.2917812162899,2.8396027916636 
10.9251659374978,28.4100979992759,2.8396027916636 
10.9668326041645,28.5284147822618,2.8396027916636 
11.0084992708311,28.6467315652478,2.8396027916636 
11.0501659374978,28.7650483482338,2.8396027916636 
11.0918326041644,28.8833651312198,2.8396027916636 
11.1334992708311,29.0016819142058,2.8396027916636 
11.1751659374978,29.1199986971917,2.8396027916636 
11.2168326041644,29.2383154801777,2.8396027916636 
11.2584992708311,29.3566322631637,2.8396027916636 
11.3001659374978,29.4749490461497,2.8396027916636 
11.3418326041644,29.5932658291357,2.8396027916636 
11.3834992708311,29.7115826121217,2.8396027916636 
11.4251659374978,29.8298993951076,2.8396027916636 
11.4668326041644,29.9482161780936,2.8396027916636 
11.5084992708311,30.0665329610796,2.8396027916636 
11.5501659374978,30.1848497440656,2.8396027916636 
11.5918326041644,30.3031665270516,2.8396027916636 
11.6334992708311,30.4214833100375,2.8396027916636 
11.6751659374978,30.5398000930235,2.8396027916636 
11.7168326041644,30.6581168760095,2.8396027916636 
11.7584992708311,30.7764336589955,2.8396027916636 
11.8001659374978,30.8947504419815,2.8396027916636 
11.8418326041644,31.0130672249675,2.8396027916636 
11.8834992708311,31.1313840079534,2.8396027916636 
11.9251659374978,31.2497007909394,2.8396027916636 
11.9668326041644,31.3680175739254,2.8396027916636 
12.0084992708311,31.4863343569114,2.8396027916636 
12.0501659374978,31.6046511398974,2.8396027916636 
12.0918326041644,31.7229679228833,2.8396027916636 
12.1334992708311,31.8412847058693,2.8396027916636 
12.1751659374978,31.9596014888553,2.8396027916636 
12.2168326041644,32.0779182718413,2.8396027916636 
12.2584992708311,32.1962350548273,2.8396027916636 
12.3001659374978,32.3145518378133,2.8396027916636 
12.3418326041644,32.4328686207992,2.8396027916636 
12.3834992708311,32.5511854037852,2.8396027916636 
12.4251659374978,32.6695021867712,2.8396027916636 
12.4668326041644,32.7878189697572,2.8396027916636 
12.5084992708311,32.9061357527432,2.8396027916636 
12.5501659374978,33.0244525357292,2.8396027916636 
12.5918326041644,33.1427693187152,2.8396027916636 
12.6334992708311,33.2610861017011,2.8396027916636 
12.6751659374978,33.3794028846871,2.8396027916636 
12.7168326041644,33.4977196676731,2.8396027916636 
12.7584992708311,33.6160364506591,2.8396027916636 
12.8001659374978,33.7343532336451,2.8396027916636 
12.8418326041644,33.8526700166311,2.8396027916636 
12.8834992708311,33.9709867996171,2.8396027916636 
12.9251659374978,34.089303582603,2.8396027916636 
12.9668326041644,34.207620365589,2.8396027916636 
13.0084992708311,34.325937148575,2.8396027916636 
13.0501659374978,34.444253931561,2.8396027916636 
13.0918326041644,34.562570714547,2.8396027916636 
13.1334992708311,34.680887497533,2.8396027916636 
13.1751659374978,34.799204280519,2.8396027916636 
13.2168326041644,34.9175210635049,2.8396027916636 
13.2584992708311,35.0358378464909,2.8396027916636 
13.3001659374978,35.1541546294769,2.8396027916636 
13.3418326041644,35.2724714124629,2.8396027916636 
13.3834992708311,35.3907881954489,2.8396027916636 
13.4251659374977,35.5091049784349,2.8396027916636 
13.4668326041644,35.6274217614209,2.8396027916636 
13.5084992708311,35.7457385444068,2.8396027916636 
13.5501659374977,35.8640553273928,2.8396027916636 
13.5918326041644,35.9823721103788,2.8396027916636 
13.6334992708311,36.1006888933648,2.8396027916636 
13.6751659374977,36.2190056763508,2.8396027916636 
13.7168326041644,36.3373224593368,2.8396027916636 
13.7584992708311,36.4556392423228,2.8396027916636 
13.8001659374977,36.5739560253087,2.8396027916636 
13.8418326041644,36.6922728082947,2.8396027916636 
13.8834992708311,36.8105895912807,2.8396027916636 
13.9251659374977,36.9289063742667,2.8396027916636 
13.9668326041644,37.0472231572527,2.8396027916636 
14.0084992708311,37.1655399402387,2.8396027916636 
14.0501659374977,37.2838567232247,2.8396027916636 
14.0918326041644,37.4021735062106,2.8396027916636 
14.1334992708311,37.5204902891966,2.8396027916636 
14.1751659374977,37.6388070721826,2.8396027916636 
14.2168326041644,37.7571238551686,2.8396027916636 
14.2584992708311,37.8754406381546,2.8396027916636 
14.3001659374977,37.9937574211406,2.8396027916636 
14.3418326041644,38.1120742041266,2.8396027916636 
14.3834992708311,38.2303909871125,2.8396027916636 
14.4251659374977,38.3487077700985,2.8396027916636 
14.4668326041644,38.4670245530845,2.8396027916636 
14.5084992708311,38.5853413360705,2.8396027916636 
14.5501659374977,38.7036581190565,2.8396027916636 
14.5918326041644,38.8219749020425,2.8396027916636 
14.6334992708311,38.9402916850284,2.8396027916636 
14.6751659374977,39.0586084680144,2.8396027916636 
14.7168326041644,39.1769252510004,2.8396027916636 
14.7584992708311,39.2952420339864,2.8396027916636 
14.8001659374977,39.4135588169724,2.8396027916636 
14.8418326041644,39.5318755999584,2.8396027916636 
14.8834992708311,39.6501923829444,2.8396027916636 
14.9251659374977,39.7685091659303,2.8396027916636 
14.9668326041644,39.8868259489163,2.8396027916636 
15.0084992708311,40.0051427319023,2.8396027916636 
15.0501659374977,40.1234595148883,2.8396027916636 
15.0918326041644,40.2417762978743,2.8396027916636 
15.1334992708311,40.3600930808603,2.8396027916636 
15.1751659374977,40.4784098638463,2.8396027916636 
15.2168326041644,40.5967266468322,2.8396027916636 
15.2584992708311,40.7150434298182,2.8396027916636 
15.3001659374977,40.8333602128042,2.8396027916636 
15.3418326041644,40.9516769957902,2.8396027916636 
15.3834992708311,41.0699937787762,2.8396027916636 
15.4251659374977,41.1883105617622,2.8396027916636 
15.4668326041644,41.3066273447482,2.8396027916636 
15.5084992708311,41.4249441277341,2.8396027916636 
15.5501659374977,41.5432609107201,2.8396027916636 
15.5918326041644,41.6615776937061,2.8396027916636 
15.6334992708311,41.7798944766921,2.8396027916636 
15.6751659374977,41.8982112596781,2.8396027916636 
15.7168326041644,42.0165280426641,2.8396027916636 
15.758499270831,42.1348448256501,2.8396027916636 
15.8001659374977,42.253161608636,2.8396027916636 
15.8418326041644,42.371478391622,2.8396027916636 
15.883499270831,42.489795174608,2.8396027916636 
15.9251659374977,42.608111957594,2.8396027916636 
15.9668326041644,42.72642874058,2.8396027916636 
16.008499270831,42.844745523566,2.8396027916636 
16.0501659374977,42.963062306552,2.8396027916636 
16.0918326041644,43.0813790895379,2.8396027916636 
16.133499270831,43.1996958725239,2.8396027916636 
16.1751659374977,43.3180126555099,2.8396027916636 
16.2168326041644,43.4363294384959,2.8396027916636 
16.2584992708311,43.5546462214819,2.8396027916636 
16.3001659374977,43.6729630044679,2.8396027916636 
16.3418326041644,43.7912797874539,2.8396027916636 
16.3834992708311,43.9095965704398,2.8396027916636 
16.4251659374977,44.0279133534258,2.8396027916636 
16.4668326041644,44.1462301364118,2.8396027916636 
16.5084992708311,44.2645469193978,2.8396027916636 
16.5501659374977,44.3828637023838,2.8396027916636 
16.5918326041644,44.5011804853698,2.8396027916636 
16.6334992708311,44.6194972683558,2.8396027916636 
16.6751659374977,44.7378140513417,2.8396027916636 
16.7168326041644,44.8561308343277,2.8396027916636 
16.7584992708311,44.9744476173137,2.8396027916636 
16.8001659374977,45.0927644002997,2.8396027916636 
16.8418326041644,45.2110811832857,2.8396027916636 
16.8834992708311,45.3293979662717,2.8396027916636 
16.9251659374977,45.4477147492576,2.8396027916636 
16.9668326041644,45.5660315322436,2.8396027916636 
17.0084992708311,45.6843483152296,2.8396027916636 
17.0501659374977,45.8026650982156,2.8396027916636 
17.0918326041644,45.9209818812016,2.8396027916636 
17.1334992708311,46.0392986641876,2.8396027916636 
17.1751659374977,46.1576154471736,2.8396027916636 
17.2168326041644,46.2759322301595,2.8396027916636 
17.2584992708311,46.3942490131455,2.8396027916636 
17.3001659374977,46.5125657961315,2.8396027916636 
17.3418326041644,46.6308825791175,2.8396027916636 
17.3834992708311,46.7491993621035,2.8396027916636 
17.4251659374978,46.8675161450895,2.8396027916636 
17.4668326041644,46.9858329280755,2.8396027916636 
17.5084992708311,47.1041497110614,2.8396027916636 
17.5501659374978,47.2224664940474,2.8396027916636 
17.5918326041644,47.3407832770334,2.8396027916636 
17.6334992708311,47.4591000600194,2.8396027916636 
17.6751659374978,47.5774168430054,2.8396027916636 
17.7168326041644,47.6957336259914,2.8396027916636 
17.7584992708311,47.8140504089774,2.8396027916636 
17.8001659374978,47.9323671919633,2.8396027916636 
17.8418326041644,48.0506839749493,2.8396027916636 
17.8834992708311,48.1690007579353,2.8396027916636 
17.9251659374978,48.2873175409213,2.8396027916636 
17.9668326041644,48.4056343239073,2.8396027916636 
18.0084992708311,48.5239511068933,2.8396027916636 
18.0501659374978,48.6422678898793,2.8396027916636 
18.0918326041644,48.7605846728652,2.8396027916636 
18.1334992708311,48.8789014558512,2.8396027916636 
18.1751659374978,48.9972182388372,2.8396027916636 
18.2168326041644,49.1155350218232,2.8396027916636 
18.2584992708311,49.2338518048092,2.8396027916636 
18.3001659374978,49.3521685877952,2.8396027916636 
18.3418326041644,49.4704853707812,2.8396027916636 
18.3834992708311,49.5888021537671,2.8396027916636 
18.4251659374978,49.7071189367531,2.8396027916636 
18.4668326041644,49.8254357197391,2.8396027916636 
18.5084992708311,49.9437525027251,2.8396027916636 
18.5501659374978,50.0620692857111,2.8396027916636 
18.5918326041645,50.1803860686971,2.8396027916636 
18.6334992708311,50.2987028516831,2.8396027916636 
18.6751659374978,50.417019634669,2.8396027916636 
18.7168326041645,50.535336417655,2.8396027916636 
18.7584992708311,50.653653200641,2.8396027916636 
18.8001659374978,50.771969983627,2.8396027916636 
18.8418326041645,50.890286766613,2.8396027916636 
18.8834992708311,51.008603549599,2.8396027916636 
18.9251659374978,51.126920332585,2.8396027916636 
18.9668326041645,51.2452371155709,2.8396027916636 
19.0084992708311,51.3635538985569,2.8396027916636 
19.0501659374978,51.4818706815429,2.8396027916636 
19.0918326041645,51.6001874645289,2.8396027916636 
19.1334992708311,51.7185042475149,2.8396027916636 
19.1751659374978,51.8368210305009,2.8396027916636 
19.2168326041645,51.9551378134869,2.8396027916636 
19.2584992708311,52.0734545964728,2.8396027916636 
19.3001659374978,52.1917713794588,2.8396027916636 
19.3418326041645,52.3100881624448,2.8396027916636 
19.3834992708311,52.4284049454308,2.8396027916636 
19.4251659374978,52.5467217284168,2.8396027916636 
19.4668326041645,52.6650385114028,2.8396027916636 
19.5084992708311,52.7833552943887,2.8396027916636 
19.5501659374978,52.9016720773747,2.8396027916636 
19.5918326041645,53.0199888603607,2.8396027916636 
19.6334992708311,53.1383056433467,2.8396027916636 
19.6751659374978,53.2566224263327,2.8396027916636 
19.7168326041645,53.3749392093187,2.8396027916636 
19.7584992708312,53.4932559923047,2.8396027916636 
19.8001659374978,53.6115727752906,2.8396027916636 
19.8418326041645,53.7298895582766,2.8396027916636 
19.8834992708312,53.8482063412626,2.8396027916636 
19.9251659374978,53.9665231242486,2.8396027916636 
19.9668326041645,54.0848399072346,2.8396027916636 
20.0084992708312,54.2031566902206,2.8396027916636 
20.0501659374978,54.3214734732066,2.8396027916636 
20.0918326041645,54.4397902561925,2.8396027916636 
20.1334992708312,54.5581070391785,2.8396027916636 
20.1751659374978,54.6764238221645,2.8396027916636 
20.2168326041645,54.7947406051505,2.8396027916636 
20.2584992708312,54.9130573881365,2.8396027916636 
20.3001659374978,55.0313741711225,2.8396027916636 
20.3418326041645,55.1496909541085,2.8396027916636 
20.3834992708312,55.2680077370944,2.8396027916636 
20.4251659374978,55.3863245200804,2.8396027916636 
20.4668326041645,55.5046413030664,2.8396027916636 
20.5084992708312,55.6229580860524,2.8396027916636 
20.5501659374978,55.7412748690384,2.8396027916636 
20.5918326041645,55.8595916520244,2.8396027916636 
20.6334992708312,55.9779084350104,2.8396027916636 
20.6751659374978,56.0962252179963,2.8396027916636 
20.7168326041645,56.2145420009823,2.8396027916636 
20.7584992708312,56.3328587839683,2.8396027916636 
20.8001659374978,56.4511755669543,2.8396027916636 
20.8418326041645,56.5694923499403,2.8396027916636 
20.8834992708312,56.6878091329263,2.8396027916636 
20.9251659374979,56.8061259159123,2.8396027916636 
20.9668326041645,56.9244426988982,2.8396027916636 
21.0084992708312,57.0427594818842,2.8396027916636 
21.0501659374979,57.1610762648702,2.8396027916636 
21.0918326041645,57.2793930478562,2.8396027916636 
21.1334992708312,57.3977098308422,2.8396027916636 
21.1751659374979,57.5160266138282,2.8396027916636 
21.2168326041645,57.6343433968142,2.8396027916636 
21.2584992708312,57.7526601798001,2.8396027916636 
21.3001659374979,57.8709769627861,2.8396027916636 
21.3418326041645,57.9892937457721,2.8396027916636 
21.3834992708312,58.1076105287581,2.8396027916636 
21.4251659374979,58.2259273117441,2.8396027916636 
21.4668326041645,58.3442440947301,2.8396027916636 
21.5084992708312,58.4625608777161,2.8396027916636 
21.5501659374979,58.580877660702,2.8396027916636 
21.5918326041645,58.699194443688,2.8396027916636 
21.6334992708312,58.817511226674,2.8396027916636 
21.6751659374979,58.93582800966,2.8396027916636 
21.7168326041645,59.054144792646,2.8396027916636 
21.7584992708312,59.172461575632,2.8396027916636 
21.8001659374979,59.2907783586179,2.8396027916636 
21.8418326041645,59.4090951416039,2.8396027916636 
21.8834992708312,59.5274119245899,2.8396027916636 
21.9251659374979,59.6457287075759,2.8396027916636 
21.9668326041645,59.7640454905619,2.8396027916636 
22.0084992708312,59.8823622735479,2.8396027916636 
22.0501659374979,60.0006790565339,2.8396027916636 
22.0918326041646,60.1189958395198,2.8396027916636 
22.1334992708312,60.2373126225058,2.8396027916636 
22.1751659374979,60.3556294054918,2.8396027916636 
22.2168326041646,60.4739461884778,2.8396027916636 
22.2584992708312,60.5922629714638,2.8396027916636 
22.3001659374979,60.7105797544498,2.8396027916636 
22.3418326041646,60.8288965374358,2.8396027916636 
22.3834992708312,60.9472133204217,2.8396027916636 
22.4251659374979,61.0655301034077,2.8396027916636 
22.4668326041646,61.1838468863937,2.8396027916636 
22.5084992708312,61.3021636693797,2.8396027916636 
22.5501659374979,61.4204804523657,2.8396027916636 
22.5918326041646,61.5387972353517,2.8396027916636 
22.6334992708312,61.6571140183377,2.8396027916636 
22.6751659374979,61.7754308013236,2.8396027916636 
22.7168326041646,61.8937475843096,2.8396027916636 
22.7584992708312,62.0120643672956,2.8396027916636 
22.8001659374979,62.1303811502816,2.8396027916636 
22.8418326041646,62.2486979332676,2.8396027916636 
22.8834992708312,62.3670147162536,2.8396027916636 
22.9251659374979,62.4853314992396,2.8396027916636 
22.9668326041646,62.6036482822255,2.8396027916636 
23.0084992708312,62.7219650652115,2.8396027916636 
23.0501659374979,62.8402818481975,2.8396027916636 
23.0918326041646,62.9585986311835,2.8396027916636 
23.1334992708312,63.0769154141695,2.8396027916636 
23.1751659374979,63.1952321971555,2.8396027916636 
23.2168326041646,63.3135489801415,2.8396027916636 
23.2584992708313,63.4318657631274,2.8396027916636 
23.3001659374979,63.5501825461134,2.8396027916636 
23.3418326041646,63.6684993290994,2.8396027916636 
23.3834992708313,63.7868161120854,2.8396027916636 
23.4251659374979,63.9051328950714,2.8396027916636 
23.4668326041646,64.0234496780574,2.8396027916636 
23.5084992708313,64.1417664610433,2.8396027916636 
23.5501659374979,64.2600832440293,2.8396027916636 
23.5918326041646,64.3784000270153,2.8396027916636 
23.6334992708313,64.4967168100013,2.8396027916636 
23.6751659374979,64.6150335929873,2.8396027916636 
23.7168326041646,64.7333503759733,2.8396027916636 
23.7584992708313,64.8516671589593,2.8396027916636 
23.8001659374979,64.9699839419452,2.8396027916636 
23.8418326041646,65.0883007249312,2.8396027916636 
23.8834992708313,65.2066175079172,2.8396027916636 
23.9251659374979,65.3249342909032,2.8396027916636 
23.9668326041646,65.4432510738892,2.8396027916636 
24.0084992708313,65.5615678568752,2.8396027916636 
24.0501659374979,65.6798846398612,2.8396027916636 
24.0918326041646,65.7982014228471,2.8396027916636 
24.1334992708313,65.9165182058331,2.8396027916636 
24.1751659374979,66.0348349888191,2.8396027916636 
24.2168326041646,66.1531517718051,2.8396027916636 
24.2584992708313,66.2714685547911,2.8396027916636 
24.3001659374979,66.3897853377771,2.8396027916636 
24.3418326041646,66.5081021207631,2.8396027916636 
24.3834992708313,66.626418903749,2.8396027916636 
24.425165937498,66.744735686735,2.8396027916636 
24.4668326041646,66.863052469721,2.8396027916636 
24.5084992708313,66.981369252707,2.8396027916636 
24.550165937498,67.099686035693,2.8396027916636 
24.5918326041646,67.218002818679,2.8396027916636 
24.6334992708313,67.336319601665,2.8396027916636 
24.675165937498,67.4546363846509,2.8396027916636 
24.7168326041646,67.5729531676369,2.8396027916636 
24.7584992708313,67.6912699506229,2.8396027916636 
24.800165937498,67.8095867336089,2.8396027916636 
24.8418326041646,67.9279035165949,2.8396027916636 
24.8834992708313,68.0462202995809,2.8396027916636 
24.925165937498,68.1645370825669,2.8396027916636 
24.9668326041646,68.2828538655528,2.8396027916636 
25.0084992708313,68.4011706485388,2.8396027916636 
25.050165937498,68.5194874315248,2.8396027916636 
25.0918326041646,68.6378042145108,2.8396027916636 
25.1334992708313,68.7561209974968,2.8396027916636 
25.175165937498,68.8744377804828,2.8396027916636 
25.2168326041646,68.9927545634688,2.8396027916636 
25.2584992708313,69.1110713464547,2.8396027916636 
25.300165937498,69.2293881294407,2.8396027916636 
25.3418326041646,69.3477049124267,2.8396027916636 
25.3834992708313,69.4660216954127,2.8396027916636 
25.425165937498,69.5843384783987,2.8396027916636 
25.4668326041646,69.7026552613847,2.8396027916636 
25.5084992708313,69.8209720443706,2.8396027916636 
25.550165937498,69.9392888273566,2.8396027916636 
25.5918326041647,70.0576056103426,2.8396027916636 
25.6334992708313,70.1759223933286,2.8396027916636 
25.675165937498,70.2942391763146,2.8396027916636 
25.7168326041647,70.4125559593006,2.8396027916636 
25.7584992708313,70.5308727422866,2.8396027916636 
25.800165937498,70.6491895252725,2.8396027916636 
25.8418326041647,70.7675063082585,2.8396027916636 
25.8834992708313,70.8858230912445,2.8396027916636 
25.925165937498,71.0041398742305,2.8396027916636 
25.9668326041647,71.1224566572165,2.8396027916636 
26.0084992708313,71.2407734402025,2.8396027916636 
26.050165937498,71.3590902231885,2.8396027916636 
26.0918326041647,71.4774070061744,2.8396027916636 
26.1334992708313,71.5957237891604,2.8396027916636 
26.175165937498,71.7140405721464,2.8396027916636 
26.2168326041647,71.8323573551324,2.8396027916636 
26.2584992708313,71.9506741381184,2.8396027916636 
26.300165937498,72.0689909211044,2.8396027916636 
26.3418326041647,72.1873077040904,2.8396027916636 
26.3834992708313,72.3056244870763,2.8396027916636 
26.425165937498,72.4239412700623,2.8396027916636 
26.4668326041647,72.5422580530483,2.8396027916636 
26.5084992708313,72.6605748360343,2.8396027916636 
26.550165937498,72.7788916190203,2.8396027916636 
26.5918326041647,72.8972084020063,2.8396027916636 
26.6334992708313,73.0155251849923,2.8396027916636 
26.675165937498,73.1338419679782,2.8396027916636 
26.7168326041647,73.2521587509642,2.8396027916636 
26.7584992708314,73.3704755339502,2.8396027916636 
26.800165937498,73.4887923169362,2.8396027916636 
26.8418326041647,73.6071090999222,2.8396027916636 
26.8834992708314,73.7254258829082,2.8396027916636 
26.925165937498,73.8437426658942,2.8396027916636 
26.9668326041647,73.9620594488801,2.8396027916636 
27.0084992708314,74.0803762318661,2.8396027916636 
27.050165937498,74.1986930148521,2.8396027916636 
27.0918326041647,74.3170097978381,2.8396027916636 
27.1334992708314,74.4353265808241,2.8396027916636 
27.175165937498,74.5536433638101,2.8396027916636 
27.2168326041647,74.6719601467961,2.8396027916636 
27.2584992708314,74.790276929782,2.8396027916636 
27.300165937498,74.908593712768,2.8396027916636 
27.3418326041647,75.026910495754,2.8396027916636 
27.3834992708314,75.14522727874,2.8396027916636 
27.425165937498,75.263544061726,2.8396027916636 
27.4668326041647,75.381860844712,2.8396027916636 
27.5084992708314,75.500177627698,2.8396027916636 
27.550165937498,75.6184944106839,2.8396027916636 
27.5918326041647,75.7368111936699,2.8396027916636 
27.6334992708314,75.8551279766559,2.8396027916636 
27.675165937498,75.9734447596419,2.8396027916636 
27.7168326041647,76.0917615426279,2.8396027916636 
27.7584992708314,76.2100783256139,2.8396027916636 
27.800165937498,76.3283951085999,2.8396027916636 
27.8418326041647,76.4467118915858,2.8396027916636 
27.8834992708314,76.5650286745718,2.8396027916636 
27.9251659374981,76.6833454575578,2.8396027916636 
27.9668326041647,76.8016622405438,2.8396027916636 
28.0084992708314,76.9199790235298,2.8396027916636 
28.0501659374981,77.0382958065158,2.8396027916636 
28.0918326041647,77.1566125895017,2.8396027916636 
28.1334992708314,77.2749293724877,2.8396027916636 
28.1751659374981,77.3932461554737,2.8396027916636 
28.2168326041647,77.5115629384597,2.8396027916636 
28.2584992708314,77.6298797214457,2.8396027916636 
28.3001659374981,77.7481965044317,2.8396027916636 
28.3418326041647,77.8665132874177,2.8396027916636 
28.3834992708314,77.9848300704036,2.8396027916636 
28.4251659374981,78.1031468533896,2.8396027916636 
28.4668326041647,78.2214636363756,2.8396027916636 
28.5084992708314,78.3397804193616,2.8396027916636 
28.5501659374981,78.4580972023476,2.8396027916636 
28.5918326041647,78.5764139853336,2.8396027916636 
28.6334992708314,78.6947307683196,2.8396027916636 
28.6751659374981,78.8130475513055,2.8396027916636 
28.7168326041647,78.9313643342915,2.8396027916636 
28.7584992708314,79.0496811172775,2.8396027916636 
28.8001659374981,79.1679979002635,2.8396027916636 
28.8418326041647,79.2863146832495,2.8396027916636 
28.8834992708314,79.4046314662355,2.8396027916636 
28.9251659374981,79.5229482492215,2.8396027916636 
28.9668326041647,79.6412650322074,2.8396027916636 
29.0084992708314,79.7595818151934,2.8396027916636 
29.0501659374981,79.8778985981794,2.8396027916636 
29.0918326041648,79.9962153811654,2.8396027916636 
29.1334992708314,80.1145321641514,2.8396027916636 
29.1751659374981,80.2328489471374,2.8396027916636 
29.2168326041648,80.3511657301234,2.8396027916636 
29.2584992708314,80.4694825131093,2.8396027916636 
29.3001659374981,80.5877992960953,2.8396027916636 
29.3418326041648,80.7061160790813,2.8396027916636 
29.3834992708314,80.8244328620673,2.8396027916636 
29.4251659374981,80.9427496450533,2.8396027916636 
29.4668326041648,81.0610664280393,2.8396027916636 
29.5084992708314,81.1793832110253,2.8396027916636 
29.5501659374981,81.2976999940112,2.8396027916636 
29.5918326041648,81.4160167769972,2.8396027916636 
29.6334992708314,81.5343335599832,2.8396027916636 
29.6751659374981,81.6526503429692,2.8396027916636 
29.7168326041648,81.7709671259552,2.8396027916636 
29.7584992708314,81.8892839089412,2.8396027916636 
29.8001659374981,82.0076006919272,2.8396027916636 
29.8418326041648,82.1259174749131,2.8396027916636 
29.8834992708314,82.2442342578991,2.8396027916636 
29.9251659374981,82.3625510408851,2.8396027916636 
29.9668326041648,82.4808678238711,2.8396027916636 
30.0084992708314,82.5991846068571,2.8396027916636 
30.0501659374981,82.7175013898431,2.8396027916636 
30.0918326041648,82.8358181728291,2.8396027916636 
30.1334992708314,82.954134955815,2.8396027916636 
30.1751659374981,83.072451738801,2.8396027916636 
30.2168326041648,83.190768521787,2.8396027916636 
30.2584992708315,83.309085304773,2.8396027916636 
30.3001659374981,83.427402087759,2.8396027916636 
30.3418326041648,83.545718870745,2.8396027916636 
30.3834992708315,83.6640356537309,2.8396027916636 
30.4251659374981,83.7823524367169,2.8396027916636 
30.4668326041648,83.9006692197029,2.8396027916636 
30.5084992708315,84.0189860026889,2.8396027916636 
30.5501659374981,84.1373027856749,2.8396027916636 
30.5918326041648,84.2556195686609,2.8396027916636 
30.6334992708315,84.3739363516469,2.8396027916636 
30.6751659374981,84.4922531346328,2.8396027916636 
30.7168326041648,84.6105699176188,2.8396027916636 
30.7584992708315,84.7288867006048,2.8396027916636 
30.8001659374981,84.8472034835908,2.8396027916636 
30.8418326041648,84.9655202665768,2.8396027916636 
30.8834992708315,85.0838370495628,2.8396027916636 
30.9251659374981,85.2021538325488,2.8396027916636 
30.9668326041648,85.3204706155347,2.8396027916636 
31.0084992708315,85.4387873985207,2.8396027916636 
31.0501659374981,85.5571041815067,2.8396027916636 
31.0918326041648,85.6754209644927,2.8396027916636 
31.1334992708315,85.7937377474787,2.8396027916636 
31.1751659374981,85.9120545304647,2.8396027916636 
31.2168326041648,86.0303713134507,2.8396027916636 
31.2584992708315,86.1486880964366,2.8396027916636 
31.3001659374981,86.2670048794226,2.8396027916636 
31.3418326041648,86.3853216624086,2.8396027916636 
31.3834992708315,86.5036384453946,2.8396027916636 
31.4251659374982,86.6219552283806,2.8396027916636 
31.4668326041648,86.7402720113666,2.8396027916636 
31.5084992708315,86.8585887943526,2.8396027916636 
31.5501659374982,86.9769055773385,2.8396027916636 
31.5918326041648,87.0952223603245,2.8396027916636 
31.6334992708315,87.2135391433105,2.8396027916636 
31.6751659374982,87.3318559262965,2.8396027916636 
31.7168326041648,87.4501727092825,2.8396027916636 
31.7584992708315,87.5684894922685,2.8396027916636 
31.8001659374982,87.6868062752545,2.8396027916636 
31.8418326041648,87.8051230582404,2.8396027916636 
31.8834992708315,87.9234398412264,2.8396027916636 
31.9251659374982,88.0417566242124,2.8396027916636 
31.9668326041648,88.1600734071984,2.8396027916636 
32.0084992708315,88.2783901901844,2.8396027916636 
32.0501659374982,88.3967069731704,2.8396027916636 
32.0918326041648,88.5150237561564,2.8396027916636 
32.1334992708315,88.6333405391423,2.8396027916636 
32.1751659374982,88.7516573221283,2.8396027916636 
32.2168326041648,88.8699741051143,2.8396027916636 
32.2584992708315,88.9882908881003,2.8396027916636 
32.3001659374982,89.1066076710863,2.8396027916636 
32.3418326041648,89.2249244540723,2.8396027916636 
32.3834992708315,89.3432412370583,2.8396027916636 
32.4251659374981,89.4615580200442,2.8396027916636 
32.4668326041648,89.5798748030302,2.8396027916636 
32.5084992708315,89.6981915860162,2.8396027916636 
32.5501659374981,89.8165083690022,2.8396027916636 
32.5918326041648,89.9348251519882,2.8396027916636 
32.6334992708315,90.0531419349742,2.8396027916636 
32.6751659374981,90.1714587179601,2.8396027916636 
32.7168326041648,90.2897755009461,2.8396027916636 
32.7584992708315,90.4080922839321,2.8396027916636 
32.8001659374981,90.5264090669181,2.8396027916636 
32.8418326041648,90.6447258499041,2.8396027916636 
32.8834992708315,90.7630426328901,2.8396027916636 
32.9251659374981,90.8813594158761,2.8396027916636 
32.9668326041648,90.999676198862,2.8396027916636 
33.0084992708314,91.117992981848,2.8396027916636 
33.0501659374981,91.236309764834,2.8396027916636 
33.0918326041648,91.35462654782,2.8396027916636 
33.1334992708314,91.472943330806,2.8396027916636 
33.1751659374981,91.591260113792,2.8396027916636 
33.2168326041648,91.709576896778,2.8396027916636 
33.2584992708314,91.8278936797639,2.8396027916636 
33.3001659374981,91.9462104627499,2.8396027916636 
33.3418326041648,92.0645272457359,2.8396027916636 
33.3834992708314,92.1828440287219,2.8396027916636 
33.4251659374981,92.3011608117079,2.8396027916636 
33.4668326041648,92.4194775946939,2.8396027916636 
33.5084992708314,92.5377943776799,2.8396027916636 
33.5501659374981,92.6561111606658,2.8396027916636 
33.5918326041647,92.7744279436518,2.8396027916636 
33.6334992708314,92.8927447266378,2.8396027916636 
33.6751659374981,93.0110615096238,2.8396027916636 
33.7168326041647,93.1293782926098,2.8396027916636 
33.7584992708314,93.2476950755958,2.8396027916636 
33.8001659374981,93.3660118585818,2.8396027916636 
33.8418326041647,93.4843286415677,2.8396027916636 
33.8834992708314,93.6026454245537,2.8396027916636 
33.9251659374981,93.7209622075397,2.8396027916636 
33.9668326041647,93.8392789905257,2.8396027916636 
34.0084992708314,93.9575957735117,2.8396027916636 
34.0501659374981,94.0759125564977,2.8396027916636 
34.0918326041647,94.1942293394837,2.8396027916636 
34.1334992708314,94.3125461224696,2.8396027916636 
34.175165937498,94.4308629054556,2.8396027916636 
34.2168326041647,94.5491796884416,2.8396027916636 
34.2584992708314,94.6674964714276,2.8396027916636 
34.300165937498,94.7858132544136,2.8396027916636 
34.3418326041647,94.9041300373996,2.8396027916636 
34.3834992708314,95.0224468203856,2.8396027916636 
34.425165937498,95.1407636033715,2.8396027916636 
34.4668326041647,95.2590803863575,2.8396027916636 
34.5084992708314,95.3773971693435,2.8396027916636 
34.550165937498,95.4957139523295,2.8396027916636 
34.5918326041647,95.6140307353155,2.8396027916636 
34.6334992708314,95.7323475183015,2.8396027916636 
34.675165937498,95.8506643012875,2.8396027916636 
34.7168326041647,95.9689810842734,2.8396027916636 
34.7584992708313,96.0872978672594,2.8396027916636 
34.800165937498,96.2056146502454,2.8396027916636 
34.8418326041647,96.3239314332314,2.8396027916636 
34.8834992708313,96.4422482162174,2.8396027916636 
34.925165937498,96.5605649992034,2.8396027916636 
34.9668326041647,96.6788817821894,2.8396027916636 
35.0084992708313,96.7971985651753,2.8396027916636 
35.050165937498,96.9155153481613,2.8396027916636 
35.0918326041647,97.0338321311473,2.8396027916636 
35.1334992708313,97.1521489141333,2.8396027916636 
35.175165937498,97.2704656971193,2.8396027916636 
35.2168326041647,97.3887824801053,2.8396027916636 
35.2584992708313,97.5070992630912,2.8396027916636 
35.300165937498,97.6254160460772,2.8396027916636 
35.3418326041646,97.7437328290632,2.8396027916636 
35.3834992708313,97.8620496120492,2.8396027916636 
35.425165937498,97.9803663950352,2.8396027916636 
35.4668326041646,98.0986831780212,2.8396027916636 
35.5084992708313,98.2169999610072,2.8396027916636 
35.550165937498,98.3353167439931,2.8396027916636 
35.5918326041646,98.4536335269791,2.8396027916636 
35.6334992708313,98.5719503099651,2.8396027916636 
35.675165937498,98.6902670929511,2.8396027916636 
35.7168326041646,98.8085838759371,2.8396027916636 
35.7584992708313,98.9269006589231,2.8396027916636 
35.800165937498,99.0452174419091,2.8396027916636 
35.8418326041646,99.163534224895,2.8396027916636 
35.8834992708313,99.281851007881,2.8396027916636 
35.9251659374979,99.400167790867,2.8396027916636 
35.9668326041646,99.518484573853,2.8396027916636 
36.0084992708313,99.636801356839,2.8396027916636 
36.0501659374979,99.755118139825,2.8396027916636 
36.0918326041646,99.873434922811,2.8396027916636 
36.1334992708313,99.9917517057969,2.8396027916636 
36.1751659374979,100.110068488783,2.8396027916636 
36.2168326041646,100.228385271769,2.8396027916636 
36.2584992708313,100.346702054755,2.8396027916636 
36.3001659374979,100.465018837741,2.8396027916636 
36.3418326041646,100.583335620727,2.8396027916636 
36.3834992708313,100.701652403713,2.8396027916636 
36.4251659374979,100.819969186699,2.8396027916636 
36.4668326041646,100.938285969685,2.8396027916636 
36.5084992708312,101.056602752671,2.8396027916636 
36.5501659374979,101.174919535657,2.8396027916636 
36.5918326041646,101.293236318643,2.8396027916636 
36.6334992708312,101.411553101629,2.8396027916636 
36.6751659374979,101.529869884615,2.8396027916636 
36.7168326041646,101.648186667601,2.8396027916636 
36.7584992708312,101.766503450587,2.8396027916636 
36.8001659374979,101.884820233573,2.8396027916636 
36.8418326041646,102.003137016559,2.8396027916636 
36.8834992708312,102.121453799545,2.8396027916636 
36.9251659374979,102.239770582531,2.8396027916636 
36.9668326041646,102.358087365517,2.8396027916636 
37.0084992708312,102.476404148503,2.8396027916636 
37.0501659374979,102.594720931489,2.8396027916636 
37.0918326041645,102.713037714475,2.8396027916636 
37.1334992708312,102.831354497461,2.8396027916636 
37.1751659374979,102.949671280447,2.8396027916636 
37.2168326041645,103.067988063433,2.8396027916636 
37.2584992708312,103.186304846419,2.8396027916636 
37.3001659374979,103.304621629405,2.8396027916636 
37.3418326041645,103.422938412391,2.8396027916636 
37.3834992708312,103.541255195377,2.8396027916636 
37.4251659374979,103.659571978362,2.8396027916636 
37.4668326041645,103.777888761348,2.8396027916636 
37.5084992708312,103.896205544334,2.8396027916636 
37.5501659374979,104.01452232732,2.8396027916636 
37.5918326041645,104.132839110306,2.8396027916636 
37.6334992708312,104.251155893292,2.8396027916636 
37.6751659374978,104.369472676278,2.8396027916636 
37.7168326041645,104.487789459264,2.8396027916636 
37.7584992708312,104.60610624225,2.8396027916636 
37.8001659374978,104.724423025236,2.8396027916636 
37.8418326041645,104.842739808222,2.8396027916636 
37.8834992708312,104.961056591208,2.8396027916636 
37.9251659374978,105.079373374194,2.8396027916636 
37.9668326041645,105.19769015718,2.8396027916636 
38.0084992708312,105.316006940166,2.8396027916636 
38.0501659374978,105.434323723152,2.8396027916636 
38.0918326041645,105.552640506138,2.8396027916636 
38.1334992708312,105.670957289124,2.8396027916636 
38.1751659374978,105.78927407211,2.8396027916636 
38.2168326041645,105.907590855096,2.8396027916636 
38.2584992708311,106.025907638082,2.8396027916636 
38.3001659374978,106.144224421068,2.8396027916636 
38.3418326041645,106.262541204054,2.8396027916636 
38.3834992708311,106.38085798704,2.8396027916636 
38.4251659374978,106.499174770026,2.8396027916636 
38.4668326041645,106.617491553012,2.8396027916636 
38.5084992708311,106.735808335998,2.8396027916636 
38.5501659374978,106.854125118984,2.8396027916636 
38.5918326041645,106.97244190197,2.8396027916636 
38.6334992708311,107.090758684956,2.8396027916636 
38.6751659374978,107.209075467942,2.8396027916636 
38.7168326041645,107.327392250928,2.8396027916636 
38.7584992708311,107.445709033914,2.8396027916636 
38.8001659374978,107.5640258169,2.8396027916636 
38.8418326041644,107.682342599886,2.8396027916636 
38.8834992708311,107.800659382872,2.8396027916636 
38.9251659374978,107.918976165858,2.8396027916636 
38.9668326041644,108.037292948844,2.8396027916636 
39.0084992708311,108.15560973183,2.8396027916636 
39.0501659374978,108.273926514816,2.8396027916636 
39.0918326041644,108.392243297802,2.8396027916636 
39.1334992708311,108.510560080788,2.8396027916636 
39.1751659374978,108.628876863774,2.8396027916636 
39.2168326041644,108.74719364676,2.8396027916636 
39.2584992708311,108.865510429746,2.8396027916636 
39.3001659374978,108.983827212732,2.8396027916636 
39.3418326041644,109.102143995718,2.8396027916636 
39.3834992708311,109.220460778704,2.8396027916636 
39.4251659374977,109.33877756169,2.8396027916636 
39.4668326041644,109.457094344676,2.8396027916636 
39.5084992708311,109.575411127662,2.8396027916636 
39.5501659374977,109.693727910648,2.8396027916636 
39.5918326041644,109.812044693634,2.8396027916636 
39.6334992708311,109.93036147662,2.8396027916636 
39.6751659374977,110.048678259606,2.8396027916636 
39.7168326041644,110.166995042592,2.8396027916636 
39.7584992708311,110.285311825578,2.8396027916636 
39.8001659374977,110.403628608564,2.8396027916636 
39.8418326041644,110.52194539155,2.8396027916636 
39.8834992708311,110.640262174536,2.8396027916636 
39.9251659374977,110.758578957522,2.8396027916636 
39.9668326041644,110.876895740508,2.8396027916636 
40.008499270831,110.995212523494,2.8396027916636 
40.0501659374977,111.11352930648,2.8396027916636 
40.0918326041644,111.231846089466,2.8396027916636 
40.133499270831,111.350162872452,2.8396027916636 
40.1751659374977,111.468479655438,2.8396027916636 
40.2168326041644,111.586796438424,2.8396027916636 
40.258499270831,111.70511322141,2.8396027916636 
40.3001659374977,111.823430004395,2.8396027916636 
40.3418326041644,111.941746787381,2.8396027916636 
40.383499270831,112.060063570367,2.8396027916636 
40.4251659374977,112.178380353353,2.8396027916636 
40.4668326041644,112.296697136339,2.8396027916636 
40.508499270831,112.415013919325,2.8396027916636 
40.5501659374977,112.533330702311,2.8396027916636 
40.5918326041643,112.651647485297,2.8396027916636 
40.633499270831,112.769964268283,2.8396027916636 
40.6751659374977,112.888281051269,2.8396027916636 
40.7168326041643,113.006597834255,2.8396027916636 
40.758499270831,113.124914617241,2.8396027916636 
40.8001659374977,113.243231400227,2.8396027916636 
40.8418326041643,113.361548183213,2.8396027916636 
40.883499270831,113.479864966199,2.8396027916636 
40.9251659374977,113.598181749185,2.8396027916636 
40.9668326041643,113.716498532171,2.8396027916636 
41.008499270831,113.834815315157,2.8396027916636 
41.0501659374977,113.953132098143,2.8396027916636 
41.0918326041643,114.071448881129,2.8396027916636 
41.133499270831,114.189765664115,2.8396027916636 
41.1751659374976,114.308082447101,2.8396027916636 
41.2168326041643,114.426399230087,2.8396027916636 
41.258499270831,114.544716013073,2.8396027916636 
41.3001659374976,114.663032796059,2.8396027916636 
41.3418326041643,114.781349579045,2.8396027916636 
41.383499270831,114.899666362031,2.8396027916636 
41.4251659374976,115.017983145017,2.8396027916636 
41.4668326041643,115.136299928003,2.8396027916636 
41.508499270831,115.254616710989,2.8396027916636 
41.5501659374976,115.372933493975,2.8396027916636 
41.5918326041643,115.491250276961,2.8396027916636 
41.633499270831,115.609567059947,2.8396027916636 
41.6751659374976,115.727883842933,2.8396027916636 
41.7168326041643,115.846200625919,2.8396027916636 
41.7584992708309,115.964517408905,2.8396027916636 
41.8001659374976,116.082834191891,2.8396027916636 
41.8418326041643,116.201150974877,2.8396027916636 
41.8834992708309,116.319467757863,2.8396027916636 
41.9251659374976,116.437784540849,2.8396027916636 
41.9668326041643,116.556101323835,2.8396027916636 
42.0084992708309,116.674418106821,2.8396027916636 
42.0501659374976,116.792734889807,2.8396027916636 
42.0918326041643,116.911051672793,2.8396027916636 
42.1334992708309,117.029368455779,2.8396027916636 
42.1751659374976,117.147685238765,2.8396027916636 
42.2168326041643,117.266002021751,2.8396027916636 
42.2584992708309,117.384318804737,2.8396027916636 
42.3001659374976,117.502635587723,2.8396027916636 
42.3418326041642,117.620952370709,2.8396027916636 
42.3834992708309,117.739269153695,2.8396027916636 
42.4251659374976,117.857585936681,2.8396027916636 
42.4668326041642,117.975902719667,2.8396027916636 
42.5084992708309,118.094219502653,2.8396027916636 
42.5501659374976,118.212536285639,2.8396027916636 
42.5918326041642,118.330853068625,2.8396027916636 
42.6334992708309,118.449169851611,2.8396027916636 
42.6751659374976,118.567486634597,2.8396027916636 
42.7168326041642,118.685803417583,2.8396027916636 
42.7584992708309,118.804120200569,2.8396027916636 
42.8001659374976,118.922436983555,2.8396027916636 
42.8418326041642,119.040753766541,2.8396027916636 
42.8834992708309,119.159070549527,2.8396027916636 
42.9251659374975,119.277387332513,2.8396027916636 
42.9668326041642,119.395704115499,2.8396027916636 
43.0084992708309,119.514020898485,2.8396027916636 
43.0501659374975,119.632337681471,2.8396027916636 
43.0918326041642,119.750654464457,2.8396027916636 
43.1334992708309,119.868971247443,2.8396027916636 
43.1751659374975,119.987288030428,2.8396027916636 
43.2168326041642,120.105604813414,2.8396027916636 
43.2584992708309,120.2239215964,2.8396027916636 
43.3001659374975,120.342238379386,2.8396027916636 
43.3418326041642,120.460555162372,2.8396027916636 
43.3834992708309,120.578871945358,2.8396027916636 
43.4251659374975,120.697188728344,2.8396027916636 
43.4668326041642,120.81550551133,2.8396027916636 
43.5084992708308,120.933822294316,2.8396027916636 
43.5501659374975,121.052139077302,2.8396027916636 
43.5918326041642,121.170455860288,2.8396027916636 
43.6334992708308,121.288772643274,2.8396027916636 
43.6751659374975,121.40708942626,2.8396027916636 
43.7168326041642,121.525406209246,2.8396027916636 
43.7584992708308,121.643722992232,2.8396027916636 
43.8001659374975,121.762039775218,2.8396027916636 
43.8418326041642,121.880356558204,2.8396027916636 
43.8834992708308,121.99867334119,2.8396027916636 
43.9251659374975,122.116990124176,2.8396027916636 
43.9668326041642,122.235306907162,2.8396027916636 
44.0084992708308,122.353623690148,2.8396027916636 
44.0501659374975,122.471940473134,2.8396027916636 
44.0918326041641,122.59025725612,2.8396027916636 
44.1334992708308,122.708574039106,2.8396027916636 
44.1751659374975,122.826890822092,2.8396027916636 
44.2168326041641,122.945207605078,2.8396027916636 
44.2584992708308,123.063524388064,2.8396027916636 
44.3001659374975,123.18184117105,2.8396027916636 
44.3418326041641,123.300157954036,2.8396027916636 
44.3834992708308,123.418474737022,2.8396027916636 
44.4251659374975,123.536791520008,2.8396027916636 
44.4668326041641,123.655108302994,2.8396027916636 
44.5084992708308,123.77342508598,2.8396027916636 
44.5501659374975,123.891741868966,2.8396027916636 
44.5918326041641,124.010058651952,2.8396027916636 
44.6334992708308,124.128375434938,2.8396027916636 
44.6751659374974,124.246692217924,2.8396027916636 
44.7168326041641,124.36500900091,2.8396027916636 
44.7584992708308,124.483325783896,2.8396027916636 
44.8001659374974,124.601642566882,2.8396027916636 
44.8418326041641,124.719959349868,2.8396027916636 
44.8834992708308,124.838276132854,2.8396027916636 
44.9251659374974,124.95659291584,2.8396027916636 
44.9668326041641,125.074909698826,2.8396027916636 
45.0084992708308,125.193226481812,2.8396027916636 
45.0501659374974,125.311543264798,2.8396027916636 
45.0918326041641,125.429860047784,2.8396027916636 
45.1334992708308,125.54817683077,2.8396027916636 
45.1751659374974,125.666493613756,2.8396027916636 
45.2168326041641,125.784810396742,2.8396027916636 
45.2584992708307,125.903127179728,2.8396027916636 
45.3001659374974,126.021443962714,2.8396027916636 
45.3418326041641,126.1397607457,2.8396027916636 
45.3834992708307,126.258077528686,2.8396027916636 
45.4251659374974,126.376394311672,2.8396027916636 
45.4668326041641,126.494711094658,2.8396027916636 
45.5084992708307,126.613027877644,2.8396027916636 
45.5501659374974,126.73134466063,2.8396027916636 
45.5918326041641,126.849661443616,2.8396027916636 
45.6334992708307,126.967978226602,2.8396027916636 
45.6751659374974,127.086295009588,2.8396027916636 
45.7168326041641,127.204611792574,2.8396027916636 
45.7584992708307,127.32292857556,2.8396027916636 
45.8001659374974,127.441245358546,2.8396027916636 
45.841832604164,127.559562141532,2.8396027916636 
45.8834992708307,127.677878924518,2.8396027916636 
45.9251659374974,127.796195707504,2.8396027916636 
45.966832604164,127.91451249049,2.8396027916636 
46.0084992708307,128.032829273476,2.8396027916636 
46.0501659374974,128.151146056461,2.8396027916636 
46.091832604164,128.269462839447,2.8396027916636 
46.1334992708307,128.387779622433,2.8396027916636 
46.1751659374974,128.506096405419,2.8396027916636 
46.216832604164,128.624413188405,2.8396027916636 
46.2584992708307,128.742729971391,2.8396027916636 
46.3001659374974,128.861046754377,2.8396027916636 
46.341832604164,128.979363537363,2.8396027916636 
46.3834992708307,129.097680320349,2.8396027916636 
46.4251659374973,129.215997103335,2.8396027916636 
46.466832604164,129.334313886321,2.8396027916636 
46.5084992708307,129.452630669307,2.8396027916636 
46.5501659374973,129.570947452293,2.8396027916636 
46.591832604164,129.689264235279,2.8396027916636 
46.6334992708307,129.807581018265,2.8396027916636 
46.6751659374973,129.925897801251,2.8396027916636 
46.716832604164,130.044214584237,2.8396027916636 
46.7584992708307,130.162531367223,2.8396027916636 
46.8001659374973,130.280848150209,2.8396027916636 
46.841832604164,130.399164933195,2.8396027916636 
46.8834992708307,130.517481716181,2.8396027916636 
46.9251659374973,130.635798499167,2.8396027916636 
46.966832604164,130.754115282153,2.8396027916636 
47.0084992708306,130.872432065139,2.8396027916636 
47.0501659374973,130.990748848125,2.8396027916636 
47.091832604164,131.109065631111,2.8396027916636 
47.1334992708306,131.227382414097,2.8396027916636 
47.1751659374973,131.345699197083,2.8396027916636 
47.216832604164,131.464015980069,2.8396027916636 
47.2584992708306,131.582332763055,2.8396027916636 
47.3001659374973,131.700649546041,2.8396027916636 
47.341832604164,131.818966329027,2.8396027916636 
47.3834992708306,131.937283112013,2.8396027916636 
47.4251659374973,132.055599894999,2.8396027916636 
47.466832604164,132.173916677984,2.8396027916636 
47.5084992708306,132.29223346097,2.8396027916636 
47.5501659374973,132.410550243956,2.8396027916636 
47.5918326041639,132.528867026942,2.8396027916636 
47.6334992708306,132.647183809928,2.8396027916636 
47.6751659374973,132.765500592914,2.8396027916636 
47.7168326041639,132.8838173759,2.8396027916636 
47.7584992708306,133.002134158886,2.8396027916636 
47.8001659374973,133.120450941872,2.8396027916636 
47.8418326041639,133.238767724858,2.8396027916636 
47.8834992708306,133.357084507844,2.8396027916636 
47.9251659374973,133.47540129083,2.8396027916636 
47.9668326041639,133.593718073816,2.8396027916636 
48.0084992708306,133.712034856802,2.8396027916636 
48.0501659374973,133.830351639788,2.8396027916636 
48.0918326041639,133.948668422774,2.8396027916636 
48.1334992708306,134.06698520576,2.8396027916636 
48.1751659374972,134.185301988746,2.8396027916636 
48.2168326041639,134.303618771732,2.8396027916636 
48.2584992708306,134.421935554718,2.8396027916636 
48.3001659374972,134.540252337704,2.8396027916636 
48.3418326041639,134.65856912069,2.8396027916636 
48.3834992708306,134.776885903676,2.8396027916636 
48.4251659374972,134.895202686662,2.8396027916636 
48.4668326041639,135.013519469648,2.8396027916636 
48.5084992708306,135.131836252634,2.8396027916636 
48.5501659374972,135.25015303562,2.8396027916636 
48.5918326041639,135.368469818606,2.8396027916636 
48.6334992708306,135.486786601592,2.8396027916636 
48.6751659374972,135.605103384578,2.8396027916636 
48.7168326041639,135.723420167564,2.8396027916636 
48.7584992708305,135.84173695055,2.8396027916636 
48.8001659374972,135.960053733536,2.8396027916636 
48.8418326041639,136.078370516522,2.8396027916636 
48.8834992708305,136.196687299508,2.8396027916636 
48.9251659374972,136.315004082493,2.8396027916636 
48.9668326041639,136.433320865479,2.8396027916636 
49.0084992708305,136.551637648465,2.8396027916636 
49.0501659374972,136.669954431451,2.8396027916636 
49.0918326041639,136.788271214437,2.8396027916636 
49.1334992708305,136.906587997423,2.8396027916636 
49.1751659374972,137.024904780409,2.8396027916636 
49.2168326041639,137.143221563395,2.8396027916636 
49.2584992708305,137.261538346381,2.8396027916636 
49.3001659374972,137.379855129367,2.8396027916636 
49.3418326041638,137.498171912353,2.8396027916636 
49.3834992708305,137.616488695339,2.8396027916636 
49.4251659374972,137.734805478325,2.8396027916636 
49.4668326041638,137.853122261311,2.8396027916636 
49.5084992708305,137.971439044297,2.8396027916636 
49.5501659374972,138.089755827283,2.8396027916636 
49.5918326041638,138.208072610269,2.8396027916636 
49.6334992708305,138.326389393255,2.8396027916636 
49.6751659374972,138.444706176241,2.8396027916636 
49.7168326041638,138.563022959227,2.8396027916636 
49.7584992708305,138.681339742213,2.8396027916636 
49.8001659374972,138.799656525199,2.8396027916636 
49.8418326041638,138.917973308185,2.8396027916636 
49.8834992708305,139.036290091171,2.8396027916636 
49.9251659374971,139.154606874157,2.8396027916636 
49.9668326041638,139.272923657143,2.8396027916636 
50.0084992708305,139.391240440129,2.8396027916636 
50.0501659374971,139.509557223115,2.8396027916636 
50.0918326041638,139.627874006101,2.8396027916636 
50.1334992708305,139.746190789087,2.8396027916636 
50.1751659374971,139.864507572073,2.8396027916636 
50.2168326041638,139.982824355059,2.8396027916636 
50.2584992708305,140.101141138045,2.8396027916636 
50.3001659374971,140.219457921031,2.8396027916636 
50.3418326041638,140.337774704017,2.8396027916636 
50.3834992708305,140.456091487002,2.8396027916636 
50.4251659374971,140.574408269988,2.8396027916636 
50.4668326041638,140.692725052974,2.8396027916636 
50.5084992708304,140.81104183596,2.8396027916636 
50.5501659374971,140.929358618946,2.8396027916636 
50.5918326041638,141.047675401932,2.8396027916636 
50.6334992708304,141.165992184918,2.8396027916636 
50.6751659374971,141.284308967904,2.8396027916636 
50.7168326041638,141.40262575089,2.8396027916636 
50.7584992708304,141.520942533876,2.8396027916636 
50.8001659374971,141.639259316862,2.8396027916636 
50.8418326041638,141.757576099848,2.8396027916636 
50.8834992708304,141.875892882834,2.8396027916636 
50.9251659374971,141.99420966582,2.8396027916636 
50.9668326041638,142.112526448806,2.8396027916636 
51.0084992708304,142.230843231792,2.8396027916636 
51.0501659374971,142.349160014778,2.8396027916636 
51.0918326041637,142.467476797764,2.8396027916636 
51.1334992708304,142.58579358075,2.8396027916636 
51.1751659374971,142.704110363736,2.8396027916636 
51.2168326041637,142.822427146722,2.8396027916636 
51.2584992708304,142.940743929708,2.8396027916636 
51.3001659374971,143.059060712694,2.8396027916636 
51.3418326041637,143.17737749568,2.8396027916636 
51.3834992708304,143.295694278666,2.8396027916636 
51.4251659374971,143.414011061652,2.8396027916636 
51.4668326041637,143.532327844638,2.8396027916636 
51.5084992708304,143.650644627624,2.8396027916636 
51.5501659374971,143.76896141061,2.8396027916636 
51.5918326041637,143.887278193596,2.8396027916636 
51.6334992708304,144.005594976582,2.8396027916636 
51.675165937497,144.123911759568,2.8396027916636 
51.7168326041637,144.242228542554,2.8396027916636 
51.7584992708304,144.36054532554,2.8396027916636 
51.800165937497,144.478862108526,2.8396027916636 
51.8418326041637,144.597178891511,2.8396027916636 
51.8834992708304,144.715495674497,2.8396027916636 
51.925165937497,144.833812457483,2.8396027916636 
51.9668326041637,144.952129240469,2.8396027916636 
52.0084992708304,145.070446023455,2.8396027916636 
52.050165937497,145.188762806441,2.8396027916636 
52.0918326041637,145.307079589427,2.8396027916636 
52.1334992708304,145.425396372413,2.8396027916636 
52.175165937497,145.543713155399,2.8396027916636 
52.2168326041637,145.662029938385,2.8396027916636 
52.2584992708303,145.780346721371,2.8396027916636 
52.300165937497,145.898663504357,2.8396027916636 
52.3418326041637,146.016980287343,2.8396027916636 
52.3834992708303,146.135297070329,2.8396027916636 
52.425165937497,146.253613853315,2.8396027916636 
52.4668326041637,146.371930636301,2.8396027916636 
52.5084992708303,146.490247419287,2.8396027916636 
52.550165937497,146.608564202273,2.8396027916636 
52.5918326041637,146.726880985259,2.8396027916636 
52.6334992708303,146.845197768245,2.8396027916636 
52.675165937497,146.963514551231,2.8396027916636 
52.7168326041637,147.081831334217,2.8396027916636 
52.7584992708303,147.200148117203,2.8396027916636 
52.800165937497,147.318464900189,2.8396027916636 
52.8418326041636,147.436781683175,2.8396027916636 
52.8834992708303,147.555098466161,2.8396027916636 
52.925165937497,147.673415249147,2.8396027916636 
52.9668326041636,147.791732032133,2.8396027916636 
53.0084992708303,147.910048815119,2.8396027916636 
53.050165937497,148.028365598105,2.8396027916636 
53.0918326041636,148.146682381091,2.8396027916636 
53.1334992708303,148.264999164077,2.8396027916636 
53.175165937497,148.383315947063,2.8396027916636 
53.2168326041636,148.501632730049,2.8396027916636 
53.2584992708303,148.619949513034,2.8396027916636 
53.300165937497,148.73826629602,2.8396027916636 
53.3418326041636,148.856583079006,2.8396027916636 
53.3834992708303,148.974899861992,2.8396027916636 
53.4251659374969,149.093216644978,2.8396027916636 
53.4668326041636,149.211533427964,2.8396027916636 
53.5084992708303,149.32985021095,2.8396027916636 
53.5501659374969,149.448166993936,2.8396027916636 
53.5918326041636,149.566483776922,2.8396027916636 
53.6334992708303,149.684800559908,2.8396027916636 
53.6751659374969,149.803117342894,2.8396027916636 
53.7168326041636,149.92143412588,2.8396027916636 
53.7584992708303,150.039750908866,2.8396027916636 
53.8001659374969,150.158067691852,2.8396027916636 
53.8418326041636,150.276384474838,2.8396027916636 
53.8834992708303,150.394701257824,2.8396027916636 
53.9251659374969,150.51301804081,2.8396027916636 
53.9668326041636,150.631334823796,2.8396027916636 
54.0084992708302,150.749651606782,2.8396027916636 
54.0501659374969,150.867968389768,2.8396027916636 
54.0918326041636,150.986285172754,2.8396027916636 
54.1334992708302,151.10460195574,2.8396027916636 
54.1751659374969,151.222918738726,2.8396027916636 
54.2168326041636,151.341235521712,2.8396027916636 
54.2584992708302,151.459552304698,2.8396027916636 
54.3001659374969,151.577869087684,2.8396027916636 
54.3418326041636,151.69618587067,2.8396027916636 
54.3834992708302,151.814502653656,2.8396027916636 
54.4251659374969,151.932819436642,2.8396027916636 
54.4668326041636,152.051136219628,2.8396027916636 
54.5084992708302,152.169453002614,2.8396027916636 
54.5501659374969,152.2877697856,2.8396027916636 
54.5918326041636,152.406086568586,2.8396027916636 
54.6334992708302,152.524403351572,2.8396027916636 
54.6751659374969,152.642720134558,2.8396027916636 
54.7168326041635,152.761036917543,2.8396027916636 
54.7584992708302,152.879353700529,2.8396027916636 
54.8001659374969,152.997670483515,2.8396027916636 
54.8418326041635,153.115987266501,2.8396027916636 
54.8834992708302,153.234304049487,2.8396027916636 
54.9251659374969,153.352620832473,2.8396027916636 
54.9668326041635,153.470937615459,2.8396027916636 
55.0084992708302,153.589254398445,2.8396027916636 
55.0501659374969,153.707571181431,2.8396027916636 
55.0918326041635,153.825887964417,2.8396027916636 
55.1334992708302,153.944204747403,2.8396027916636 
55.1751659374969,154.062521530389,2.8396027916636 
55.2168326041635,154.180838313375,2.8396027916636 
55.2584992708302,154.299155096361,2.8396027916636 
55.3001659374968,154.417471879347,2.8396027916636 
55.3418326041635,154.535788662333,2.8396027916636 
55.3834992708302,154.654105445319,2.8396027916636 
55.4251659374968,154.772422228305,2.8396027916636 
55.4668326041635,154.890739011291,2.8396027916636 
55.5084992708302,155.009055794277,2.8396027916636 
55.5501659374968,155.127372577263,2.8396027916636 
55.5918326041635,155.245689360249,2.8396027916636 
55.6334992708302,155.364006143235,2.8396027916636 
55.6751659374968,155.482322926221,2.8396027916636 
55.7168326041635,155.600639709207,2.8396027916636 
55.7584992708302,155.718956492193,2.8396027916636 
55.8001659374968,155.837273275179,2.8396027916636 
55.8418326041635,155.955590058165,2.8396027916636 
55.8834992708301,156.073906841151,2.8396027916636 
55.9251659374968,156.192223624137,2.8396027916636 
55.9668326041635,156.310540407123,2.8396027916636 
56.0084992708301,156.428857190109,2.8396027916636 
56.0501659374968,156.547173973095,2.8396027916636 
56.0918326041635,156.665490756081,2.8396027916636 
56.1334992708301,156.783807539067,2.8396027916636 
56.1751659374968,156.902124322052,2.8396027916636 
56.2168326041635,157.020441105038,2.8396027916636 
56.2584992708301,157.138757888024,2.8396027916636 
56.3001659374968,157.25707467101,2.8396027916636 
56.3418326041635,157.375391453996,2.8396027916636 
56.3834992708301,157.493708236982,2.8396027916636 
56.4251659374968,157.612025019968,2.8396027916636 
56.4668326041634,157.730341802954,2.8396027916636 
56.5084992708301,157.84865858594,2.8396027916636 
56.5501659374968,157.966975368926,2.8396027916636 
56.5918326041634,158.085292151912,2.8396027916636 
56.6334992708301,158.203608934898,2.8396027916636 
56.6751659374968,158.321925717884,2.8396027916636 
56.7168326041634,158.44024250087,2.8396027916636 
56.7584992708301,158.558559283856,2.8396027916636 
56.8001659374968,158.676876066842,2.8396027916636 
56.8418326041634,158.795192849828,2.8396027916636 
56.8834992708301,158.913509632814,2.8396027916636 
56.9251659374968,159.0318264158,2.8396027916636 
56.9668326041634,159.150143198786,2.8396027916636 
57.0084992708301,159.268459981772,2.8396027916636 
57.0501659374967,159.386776764758,2.8396027916636 
57.0918326041634,159.505093547744,2.8396027916636 
57.1334992708301,159.62341033073,2.8396027916636 
57.1751659374967,159.741727113716,2.8396027916636 
57.2168326041634,159.860043896702,2.8396027916636 
57.2584992708301,159.978360679688,2.8396027916636 
57.3001659374967,160.096677462674,2.8396027916636 
57.3418326041634,160.21499424566,2.8396027916636 
57.3834992708301,160.333311028646,2.8396027916636 
57.4251659374967,160.451627811632,2.8396027916636 
57.4668326041634,160.569944594618,2.8396027916636 
57.5084992708301,160.688261377604,2.8396027916636 
57.5501659374967,160.80657816059,2.8396027916636 
57.5918326041634,160.924894943576,2.8396027916636 
57.63349927083,161.043211726561,2.8396027916636 
57.6751659374967,161.161528509547,2.8396027916636 
57.7168326041634,161.279845292533,2.8396027916636 
57.75849927083,161.398162075519,2.8396027916636 
57.8001659374967,161.516478858505,2.8396027916636 
57.8418326041634,161.634795641491,2.8396027916636 
57.88349927083,161.753112424477,2.8396027916636 
57.9251659374967,161.871429207463,2.8396027916636 
57.9668326041634,161.989745990449,2.8396027916636 
58.00849927083,162.108062773435,2.8396027916636 
58.0501659374967,162.226379556421,2.8396027916636 
58.0918326041634,162.344696339407,2.8396027916636 
58.13349927083,162.463013122393,2.8396027916636 
58.1751659374967,162.581329905379,2.8396027916636 
58.2168326041633,162.699646688365,2.8396027916636 
58.25849927083,162.817963471351,2.8396027916636 
58.3001659374967,162.936280254337,2.8396027916636 
58.3418326041633,163.054597037323,2.8396027916636 
58.38349927083,163.172913820309,2.8396027916636 
58.4251659374967,163.291230603295,2.8396027916636 
58.4668326041633,163.409547386281,2.8396027916636 
58.50849927083,163.527864169267,2.8396027916636 
58.5501659374967,163.646180952253,2.8396027916636 
58.5918326041633,163.764497735239,2.8396027916636 
58.63349927083,163.882814518225,2.8396027916636 
58.6751659374967,164.001131301211,2.8396027916636 
58.7168326041633,164.119448084197,2.8396027916636 
58.75849927083,164.237764867183,2.8396027916636 
58.8001659374966,164.356081650169,2.8396027916636 
58.8418326041633,164.474398433155,2.8396027916636 
58.88349927083,164.592715216141,2.8396027916636 
58.9251659374966,164.711031999127,2.8396027916636 
58.9668326041633,164.829348782113,2.8396027916636 
59.00849927083,164.947665565099,2.8396027916636 
59.0501659374966,165.065982348085,2.8396027916636 
59.0918326041633,165.18429913107,2.8396027916636 
59.13349927083,165.302615914056,2.8396027916636 
59.1751659374966,165.420932697042,2.8396027916636 
59.2168326041633,165.539249480028,2.8396027916636 
59.25849927083,165.657566263014,2.8396027916636 
59.3001659374966,165.775883046,2.8396027916636 
59.3418326041633,165.894199828986,2.8396027916636 
59.3834992708299,166.012516611972,2.8396027916636 
59.4251659374966,166.130833394958,2.8396027916636 
59.4668326041633,166.249150177944,2.8396027916636 
59.5084992708299,166.36746696093,2.8396027916636 
59.5501659374966,166.485783743916,2.8396027916636 
59.5918326041633,166.604100526902,2.8396027916636 
59.6334992708299,166.722417309888,2.8396027916636 
59.6751659374966,166.840734092874,2.8396027916636 
59.7168326041633,166.95905087586,2.8396027916636 
59.7584992708299,167.077367658846,2.8396027916636 
59.8001659374966,167.195684441832,2.8396027916636 
59.8418326041633,167.314001224818,2.8396027916636 
59.8834992708299,167.432318007804,2.8396027916636 
59.9251659374966,167.55063479079,2.8396027916636 
59.9668326041632,167.668951573776,2.8396027916636 
60.0084992708299,167.787268356762,2.8396027916636 
60.0501659374966,167.905585139748,2.8396027916636 
60.0918326041632,168.023901922734,2.8396027916636 
60.1334992708299,168.14221870572,2.8396027916636 
60.1751659374966,168.260535488706,2.8396027916636 
60.2168326041632,168.378852271692,2.8396027916636 
60.2584992708299,168.497169054678,2.8396027916636 
60.3001659374966,168.615485837664,2.8396027916636 
60.3418326041632,168.73380262065,2.8396027916636 
60.3834992708299,168.852119403636,2.8396027916636 
60.4251659374966,168.970436186622,2.8396027916636 
60.4668326041632,169.088752969608,2.8396027916636 
60.5084992708299,169.207069752593,2.8396027916636 
60.5501659374965,169.325386535579,2.8396027916636 
60.5918326041632,169.443703318565,2.8396027916636 
60.6334992708299,169.562020101551,2.8396027916636 
60.6751659374965,169.680336884537,2.8396027916636 
60.7168326041632,169.798653667523,2.8396027916636 
60.7584992708299,169.916970450509,2.8396027916636 
60.8001659374965,170.035287233495,2.8396027916636 
60.8418326041632,170.153604016481,2.8396027916636 
60.8834992708299,170.271920799467,2.8396027916636 
60.9251659374965,170.390237582453,2.8396027916636 
60.9668326041632,170.508554365439,2.8396027916636 
61.0084992708299,170.626871148425,2.8396027916636 
61.0501659374965,170.745187931411,2.8396027916636 
61.0918326041632,170.863504714397,2.8396027916636 
61.1334992708298,170.981821497383,2.8396027916636 
61.1751659374965,171.100138280369,2.8396027916636 
61.2168326041632,171.218455063355,2.8396027916636 
61.2584992708298,171.336771846341,2.8396027916636 
61.3001659374965,171.455088629327,2.8396027916636 
61.3418326041632,171.573405412313,2.8396027916636 
61.3834992708298,171.691722195299,2.8396027916636 
61.4251659374965,171.810038978285,2.8396027916636 
61.4668326041632,171.928355761271,2.8396027916636 
61.5084992708298,172.046672544257,2.8396027916636 
61.5501659374965,172.164989327243,2.8396027916636 
61.5918326041632,172.283306110229,2.8396027916636 
61.6334992708298,172.401622893215,2.8396027916636 
61.6751659374965,172.519939676201,2.8396027916636 
61.7168326041631,172.638256459187,2.8396027916636 
61.7584992708298,172.756573242173,2.8396027916636 
61.8001659374965,172.874890025159,2.8396027916636 
61.8418326041631,172.993206808145,2.8396027916636 
61.8834992708298,173.111523591131,2.8396027916636 
61.9251659374965,173.229840374117,2.8396027916636 
61.9668326041631,173.348157157102,2.8396027916636 
62.0084992708298,173.466473940088,2.8396027916636 
62.0501659374965,173.584790723074,2.8396027916636 
62.0918326041631,173.70310750606,2.8396027916636 
62.1334992708298,173.821424289046,2.8396027916636 
62.1751659374965,173.939741072032,2.8396027916636 
62.2168326041631,174.058057855018,2.8396027916636 
62.2584992708298,174.176374638004,2.8396027916636 
62.3001659374964,174.29469142099,2.8396027916636 
62.3418326041631,174.413008203976,2.8396027916636 
62.3834992708298,174.531324986962,2.8396027916636 
62.4251659374964,174.649641769948,2.8396027916636 
62.4668326041631,174.767958552934,2.8396027916636 
62.5084992708298,174.88627533592,2.8396027916636 
62.5501659374964,175.004592118906,2.8396027916636 
62.5918326041631,175.122908901892,2.8396027916636 
62.6334992708298,175.241225684878,2.8396027916636 
62.6751659374964,175.359542467864,2.8396027916636 
62.7168326041631,175.47785925085,2.8396027916636 
62.7584992708298,175.596176033836,2.8396027916636 
62.8001659374964,175.714492816822,2.8396027916636 
62.8418326041631,175.832809599808,2.8396027916636 
62.8834992708297,175.951126382794,2.8396027916636 
62.9251659374964,176.06944316578,2.8396027916636 
62.9668326041631,176.187759948766,2.8396027916636 
63.0084992708297,176.306076731752,2.8396027916636 
63.0501659374964,176.424393514738,2.8396027916636 
63.0918326041631,176.542710297724,2.8396027916636 
63.1334992708297,176.66102708071,2.8396027916636 
63.1751659374964,176.779343863696,2.8396027916636 
63.2168326041631,176.897660646682,2.8396027916636 
63.2584992708297,177.015977429668,2.8396027916636 
63.3001659374964,177.134294212654,2.8396027916636 
63.3418326041631,177.25261099564,2.8396027916636 
63.3834992708297,177.370927778626,2.8396027916636 
63.4251659374964,177.489244561611,2.8396027916636 
63.466832604163,177.607561344597,2.8396027916636 
63.5084992708297,177.725878127583,2.8396027916636 
63.5501659374964,177.844194910569,2.8396027916636 
63.591832604163,177.962511693555,2.8396027916636 
63.6334992708297,178.080828476541,2.8396027916636 
63.6751659374964,178.199145259527,2.8396027916636 
63.716832604163,178.317462042513,2.8396027916636 
63.7584992708297,178.435778825499,2.8396027916636 
63.8001659374964,178.554095608485,2.8396027916636 
63.841832604163,178.672412391471,2.8396027916636 
63.8834992708297,178.790729174457,2.8396027916636 
63.9251659374964,178.909045957443,2.8396027916636 
63.966832604163,179.027362740429,2.8396027916636 
64.0084992708297,179.145679523415,2.8396027916636 
64.0501659374964,179.263996306401,2.8396027916636 
64.091832604163,179.382313089387,2.8396027916636 
64.1334992708297,179.500629872373,2.8396027916636 
64.1751659374964,179.618946655359,2.8396027916636 
64.216832604163,179.737263438345,2.8396027916636 
64.2584992708297,179.855580221331,2.8396027916636 
64.3001659374964,179.973897004317,2.8396027916636 
64.3418326041631,180.092213787303,2.8396027916636 
64.3834992708297,180.210530570289,2.8396027916636 
64.4251659374964,180.328847353275,2.8396027916636 
64.4668326041631,180.447164136261,2.8396027916636 
64.5084992708297,180.565480919247,2.8396027916636 
64.5501659374964,180.683797702233,2.8396027916636 
64.5918326041631,180.802114485219,2.8396027916636 
64.6334992708298,180.920431268205,2.8396027916636 
64.6751659374964,181.038748051191,2.8396027916636 
64.7168326041631,181.157064834177,2.8396027916636 
64.7584992708298,181.275381617163,2.8396027916636 
64.8001659374964,181.393698400149,2.8396027916636 
64.8418326041631,181.512015183135,2.8396027916636 
64.8834992708298,181.63033196612,2.8396027916636 
64.9251659374965,181.748648749106,2.8396027916636 
64.9668326041631,181.866965532092,2.8396027916636 
65.0084992708298,181.985282315078,2.8396027916636 
65.0501659374965,182.103599098064,2.8396027916636 
65.0918326041631,182.22191588105,2.8396027916636 
65.1334992708298,182.340232664036,2.8396027916636 
65.1751659374965,182.458549447022,2.8396027916636 
65.2168326041632,182.576866230008,2.8396027916636 
65.2584992708298,182.695183012994,2.8396027916636 
65.3001659374965,182.81349979598,2.8396027916636 
65.3418326041632,182.931816578966,2.8396027916636 
65.3834992708298,183.050133361952,2.8396027916636 
65.4251659374965,183.168450144938,2.8396027916636 
65.4668326041632,183.286766927924,2.8396027916636 
65.5084992708299,183.40508371091,2.8396027916636 
65.5501659374965,183.523400493896,2.8396027916636 
65.5918326041632,183.641717276882,2.8396027916636 
65.6334992708299,183.760034059868,2.8396027916636 
65.6751659374965,183.878350842854,2.8396027916636 
65.7168326041632,183.99666762584,2.8396027916636 
65.7584992708299,184.114984408826,2.8396027916636 
65.8001659374966,184.233301191812,2.8396027916636 
65.8418326041632,184.351617974798,2.8396027916636 
65.8834992708299,184.469934757784,2.8396027916636 
65.9251659374966,184.58825154077,2.8396027916636 
65.9668326041632,184.706568323756,2.8396027916636 
66.0084992708299,184.824885106742,2.8396027916636 
66.0501659374966,184.943201889728,2.8396027916636 
66.0918326041633,185.061518672714,2.8396027916636 
66.1334992708299,185.1798354557,2.8396027916636 
66.1751659374966,185.298152238686,2.8396027916636 
66.2168326041633,185.416469021672,2.8396027916636 
66.2584992708299,185.534785804658,2.8396027916636 
66.3001659374966,185.653102587644,2.8396027916636 
66.3418326041633,185.771419370629,2.8396027916636 
66.38349927083,185.889736153615,2.8396027916636 
66.4251659374966,186.008052936601,2.8396027916636 
66.4668326041633,186.126369719587,2.8396027916636 
66.50849927083,186.244686502573,2.8396027916636 
66.5501659374966,186.363003285559,2.8396027916636 
66.5918326041633,186.481320068545,2.8396027916636 
66.63349927083,186.599636851531,2.8396027916636 
66.6751659374967,186.717953634517,2.8396027916636 
66.7168326041633,186.836270417503,2.8396027916636 
66.75849927083,186.954587200489,2.8396027916636 
66.8001659374967,187.072903983475,2.8396027916636 
66.8418326041633,187.191220766461,2.8396027916636 
66.88349927083,187.309537549447,2.8396027916636 
66.9251659374967,187.427854332433,2.8396027916636 
66.9668326041634,187.546171115419,2.8396027916636 
67.00849927083,187.664487898405,2.8396027916636 
67.0501659374967,187.782804681391,2.8396027916636 
67.0918326041634,187.901121464377,2.8396027916636 
67.13349927083,188.019438247363,2.8396027916636 
67.1751659374967,188.137755030349,2.8396027916636 
67.2168326041634,188.256071813335,2.8396027916636 
67.2584992708301,188.374388596321,2.8396027916636 
67.3001659374967,188.492705379307,2.8396027916636 
67.3418326041634,188.611022162293,2.8396027916636 
67.3834992708301,188.729338945279,2.8396027916636 
67.4251659374967,188.847655728265,2.8396027916636 
67.4668326041634,188.965972511251,2.8396027916636 
67.5084992708301,189.084289294237,2.8396027916636 
67.5501659374968,189.202606077223,2.8396027916636 
67.5918326041634,189.320922860209,2.8396027916636 
67.6334992708301,189.439239643195,2.8396027916636 
67.6751659374968,189.557556426181,2.8396027916636 
67.7168326041634,189.675873209167,2.8396027916636 
67.7584992708301,189.794189992152,2.8396027916636 
67.8001659374968,189.912506775138,2.8396027916636 
67.8418326041635,190.030823558124,2.8396027916636 
67.8834992708301,190.14914034111,2.8396027916636 
67.9251659374968,190.267457124096,2.8396027916636 
67.9668326041635,190.385773907082,2.8396027916636 
68.0084992708301,190.504090690068,2.8396027916636 
68.0501659374968,190.622407473054,2.8396027916636 
68.0918326041635,190.74072425604,2.8396027916636 
68.1334992708302,190.859041039026,2.8396027916636 
68.1751659374968,190.977357822012,2.8396027916636 
68.2168326041635,191.095674604998,2.8396027916636 
68.2584992708302,191.213991387984,2.8396027916636 
68.3001659374968,191.33230817097,2.8396027916636 
68.3418326041635,191.450624953956,2.8396027916636 
68.3834992708302,191.568941736942,2.8396027916636 
68.4251659374969,191.687258519928,2.8396027916636 
68.4668326041635,191.805575302914,2.8396027916636 
68.5084992708302,191.9238920859,2.8396027916636 
68.5501659374969,192.042208868886,2.8396027916636 
68.5918326041635,192.160525651872,2.8396027916636 
68.6334992708302,192.278842434858,2.8396027916636 
68.6751659374969,192.397159217844,2.8396027916636 
68.7168326041636,192.51547600083,2.8396027916636 
68.7584992708302,192.633792783816,2.8396027916636 
68.8001659374969,192.752109566802,2.8396027916636 
68.8418326041636,192.870426349788,2.8396027916636 
68.8834992708302,192.988743132774,2.8396027916636 
68.9251659374969,193.10705991576,2.8396027916636 
68.9668326041636,193.225376698746,2.8396027916636 
69.0084992708303,193.343693481732,2.8396027916636 
69.0501659374969,193.462010264718,2.8396027916636 
69.0918326041636,193.580327047704,2.8396027916636 
69.1334992708303,193.69864383069,2.8396027916636 
69.1751659374969,193.816960613676,2.8396027916636 
69.2168326041636,193.935277396661,2.8396027916636 
69.2584992708303,194.053594179647,2.8396027916636 
69.300165937497,194.171910962633,2.8396027916636 
69.3418326041636,194.290227745619,2.8396027916636 
69.3834992708303,194.408544528605,2.8396027916636 
69.425165937497,194.526861311591,2.8396027916636 
69.4668326041636,194.645178094577,2.8396027916636 
69.5084992708303,194.763494877563,2.8396027916636 
69.550165937497,194.881811660549,2.8396027916636 
69.5918326041637,195.000128443535,2.8396027916636 
69.6334992708303,195.118445226521,2.8396027916636 
69.675165937497,195.236762009507,2.8396027916636 
69.7168326041637,195.355078792493,2.8396027916636 
69.7584992708303,195.473395575479,2.8396027916636 
69.800165937497,195.591712358465,2.8396027916636 
69.8418326041637,195.710029141451,2.8396027916636 
69.8834992708304,195.828345924437,2.8396027916636 
69.925165937497,195.946662707423,2.8396027916636 
69.9668326041637,196.064979490409,2.8396027916636 
70.0084992708304,196.183296273395,2.8396027916636 
70.050165937497,196.301613056381,2.8396027916636 
70.0918326041637,196.419929839367,2.8396027916636 
70.1334992708304,196.538246622353,2.8396027916636 
70.1751659374971,196.656563405339,2.8396027916636 
70.2168326041637,196.774880188325,2.8396027916636 
70.220479710412,196.892915081572,2.8396027916636 
70.2621463770787,197.010323553176,2.82607208418255 
70.3038130437453,197.126980318809,2.80953455281682 
70.345479710412,197.242760094142,2.78999019756641 
70.3871463770787,197.357537594847,2.76743901843132 
70.4288130437453,197.471187536595,2.74188101541155 
70.470479710412,197.583584635058,2.7133161885071 
70.5121463770787,197.694603605908,2.68174453771798 
70.5538130437453,197.804119164815,2.64716606304417 
70.595479710412,197.912006027451,2.60958076448569 
70.6371463770787,198.018138909487,2.56898864204253 
70.6788130437453,198.122392526596,2.52538969571469 
70.720479710412,198.224641594448,2.47878392550217 
70.7621463770787,198.324760828715,2.42917133140497 
70.8038130437453,198.422624945069,2.37655191342309 
70.845479710412,198.518108659181,2.32092567155654 
70.8871463770787,198.611086686722,2.26229260580531 
70.9288130437453,198.701433743364,2.20065271616939 
70.970479710412,198.789024544778,2.1360060026488 
71.0121463770787,198.873733806637,2.06835246524353 
71.0538130437453,198.955706040136,1.99769210395358 
71.095479710412,199.034909924193,1.93697510399653 
71.1371463770787,199.111106984366,1.86481133076424 
71.1788130437453,199.184297220654,1.79264755753195 
71.220479710412,199.254480633058,1.72048378429967 
71.2621463770787,199.321657221576,1.64832001106738 
71.3038130437453,199.385826986211,1.57615623783509 
71.345479710412,199.44698992696,1.5039924646028 
71.3871463770787,199.505146043825,1.43182869137052 
71.4288130437453,199.560295336805,1.35966491813823 
71.470479710412,199.6124378059,1.28750114490594 
71.5121463770787,199.661573451111,1.21533737167365 
71.5538130437453,199.707702272437,1.14317359844137 
71.595479710412,199.750824269878,1.07100982520908 
71.6371463770787,199.791616924896,0.998846051976792 
71.6788130437453,199.830118805683,0.959201388888889 
71.720479710412,199.865727167952,0.888888888888889 
71.7621463770787,199.898514349665,0.8203125 
71.8038130437453,199.928552688785,0.753472222222222 
71.845479710412,199.955914523276,0.688368055555555 
71.8871463770787,199.9806721911,0.625 
71.9288130437453,200.002898030221,0.563368055555556 
71.970479710412,200.0226643786,0.503472222222222 
72.0121463770787,200.040043574202,0.4453125 
72.0538130437453,200.055107954989,0.388888888888889 
72.095479710412,200.067929858924,0.334201388888889 
72.1371463770787,200.078581623971,0.28125 
72.1788130437453,200.087135588091,0.230034722222222 
72.220479710412,200.093664089248,0.180555555555556 
72.2621463770787,200.098239465406,0.1328125 
72.3038130437453,200.100934054526,0.0868055555555556 
72.345479710412,200.101820194572,0.0425347222222222 
0,0,0 
